time/total_timesteps,time/iterations,time/fps,time/time_elapsed,train/clip_fraction,train/clip_range,train/value_loss,train/approx_kl,train/explained_variance,train/entropy_loss,train/policy_gradient_loss,train/n_updates,train/learning_rate,train/loss,rollout/ep_len_mean,rollout/ep_rew_mean
1024,1,408,2,,,,,,,,,,,,
2048,2,756,2,0.0,0.2,0.005960574824712239,0.00039742747,0.5333327054977417,-1.9457474499940872,-0.0009665153629612178,4,0.0003,-0.02048710361123085,,
3072,3,1057,2,0.0,0.2,0.004083552805241197,0.00048183702,0.6598964333534241,-1.9448210299015045,-0.0008031192992348224,8,0.0003,-0.021584413945674896,324.0,0.0
4096,4,1321,3,0.0,0.2,0.003896736088790931,0.00069448847,0.27905386686325073,-1.9434109032154083,-0.0019282337161712348,12,0.0003,-0.02398516610264778,324.0,0.0
5120,5,1554,3,0.0,0.2,0.002404844999546185,0.0008614464,0.353992223739624,-1.9418189600110054,-0.001252467161975801,16,0.0003,-0.01874067820608616,324.0,0.0
6144,6,1759,3,0.0,0.2,0.0017810365752666257,0.00036697614,0.3941207528114319,-1.9394248649477959,-0.0003802300925599411,20,0.0003,-0.020815735682845116,324.0,0.0
7168,7,1944,3,0.0,0.2,0.0009829006958170794,0.00052560447,0.5879720449447632,-1.9358589351177216,-0.0008493501809425652,24,0.0003,-0.020927174016833305,324.0,0.0
8192,8,2108,3,0.0,0.2,0.0010697473953769077,0.00032573182,0.2787586450576782,-1.9312026128172874,-6.399903213605285e-06,28,0.0003,-0.019029902294278145,324.0,0.0
9216,9,2257,4,0.0,0.2,0.002318123049917631,0.0007327294,0.14284658432006836,-1.9294588565826416,-0.0005187845963519067,32,0.0003,-0.020498186349868774,324.0,0.0
10240,10,2387,4,0.0,0.2,0.0014456078788498417,0.00069886754,0.002077460289001465,-1.9311477988958359,-0.0007219226681627333,36,0.0003,-0.019922947511076927,324.0,0.0
11264,11,2509,4,0.0,0.2,0.00039807206849218346,0.00026037678,0.732109546661377,-1.935439445078373,-0.00032880058279260993,40,0.0003,-0.01998145878314972,324.0,0.0
12288,12,2622,4,0.0,0.2,0.0005280651184875751,0.00039488944,0.528350293636322,-1.9335509836673737,-0.0003816867247223854,44,0.0003,-0.019904648885130882,324.0,0.0
13312,13,2725,4,0.0,0.2,0.0006467748862633016,0.0019451806,0.04807329177856445,-1.9269303977489471,-0.002092902082949877,48,0.0003,-0.02492433600127697,324.0,0.0
14336,14,2821,5,0.0,0.2,0.00017292586198891513,0.00065368915,0.803067684173584,-1.912940889596939,0.00011864645057357848,52,0.0003,-0.019276464357972145,324.0,0.0
15360,15,2910,5,0.0,0.2,0.0001668873319431441,0.001182789,0.8241935968399048,-1.9164234772324562,-0.0011765113740693778,56,0.0003,-0.024074286222457886,324.0,0.0
16384,16,2992,5,0.0,0.2,0.00044164314567751717,0.003441094,0.3608399033546448,-1.919892355799675,-0.003202152089215815,60,0.0003,-0.027291826903820038,324.0,0.0
17408,17,3070,5,0.0,0.2,0.0002926620645666844,0.0016889215,0.6942983865737915,-1.9341171383857727,-0.0012262322707101703,64,0.0003,-0.023443961516022682,324.0,0.0
18432,18,3141,5,0.0,0.2,0.0002083650051645236,0.00019265339,0.7393854856491089,-1.9332801178097725,4.007847746834159e-05,68,0.0003,-0.020259840413928032,324.0,0.0
19456,19,3208,6,0.0,0.2,0.00018145721332984976,0.000229417,0.790894627571106,-1.9353022873401642,-0.0002894169883802533,72,0.0003,-0.021231189370155334,324.0,0.0
20480,20,3271,6,0.0,0.2,0.00014282749680205598,0.00025078602,0.5823352336883545,-1.93690887093544,-0.0006891170050948858,76,0.0003,-0.02220277301967144,321.43859649122805,0.00886940350877193
21504,21,3330,6,0.0,0.2,0.0017217736058228184,0.00044091215,0.04713892936706543,-1.9367660805583,-0.0010777069837786257,80,0.0003,-0.022442834451794624,321.71875,0.0078993125
22528,22,3385,6,0.0,0.2,0.00020440920616238145,0.0005668711,0.8678935766220093,-1.935436449944973,-0.0007428278331644833,84,0.0003,-0.020318610593676567,321.75384615384615,0.007777784615384615
23552,23,3438,6,0.0,0.2,0.00021695407849620096,0.0006902648,0.8276501297950745,-1.9346944242715836,-0.0011149594793096185,88,0.0003,-0.019442565739154816,321.97222222222223,0.007021611111111111
24576,24,3488,7,0.0,0.2,0.0002349347569179372,0.0012327535,0.7705243229866028,-1.9292789474129677,-0.0008055790385697037,92,0.0003,-0.021311426535248756,321.97222222222223,0.007021611111111111
25600,25,3535,7,0.0,0.2,0.00015165967170105432,0.00044137106,0.6916844844818115,-1.9220107421278954,-5.3452400607056916e-05,96,0.0003,-0.021148426458239555,322.0,0.006925424657534247
26624,26,3578,7,0.0,0.2,0.0002600347397674341,0.0013318982,0.38222402334213257,-1.9265410676598549,-0.0020540832192637026,100,0.0003,-0.02688463218510151,322.175,0.00631945
27648,27,3618,7,0.0029296875,0.2,7.626877118127595e-05,0.0028299156,0.7777835130691528,-1.9373500347137451,-0.0030420339026022702,104,0.0003,-0.02457602694630623,320.5121951219512,0.012127378048780488
28672,28,3657,7,0.0,0.2,0.001766060318914242,0.00063632696,-0.07468020915985107,-1.9413622170686722,-0.0001811879046726972,108,0.0003,-0.01906920038163662,320.75,0.011300511363636363
29696,29,3695,8,0.0,0.2,0.00013797254132441594,0.0009073107,0.8083004951477051,-1.9415577203035355,-0.0021751340245828032,112,0.0003,-0.024497121572494507,320.75,0.011300511363636363
30720,30,3731,8,0.0,0.2,0.00010720015143306227,0.00037901942,0.85053950548172,-1.9404371231794357,6.82953541399911e-05,116,0.0003,-0.01914561726152897,320.8222222222222,0.01104938888888889
31744,31,3764,8,0.0,0.2,8.91912229690206e-05,0.0006368856,0.826729953289032,-1.9416319131851196,-0.0015101105527719483,120,0.0003,-0.017703715711832047,321.0208333333333,0.010358802083333334
32768,32,3795,8,0.0,0.2,6.179770934977569e-05,0.00094598165,0.8037235736846924,-1.9398955628275871,-0.0013392718392424285,124,0.0003,-0.025490261614322662,321.0816326530612,0.010147397959183674
33792,33,3826,8,0.0,0.2,8.695748374520917e-05,0.0001929134,0.6991119384765625,-1.9355570897459984,1.6947335097938776e-05,128,0.0003,-0.01878424361348152,320.9,0.01161112
34816,34,3856,9,0.0,0.2,0.00029935850670881337,0.0016262427,0.673276424407959,-1.938546672463417,-0.0022490516275865957,132,0.0003,-0.020649226382374763,320.9,0.01161112
35840,35,3884,9,0.0,0.2,6.851488205938949e-05,0.00029496377,0.9088212251663208,-1.9408807754516602,-0.00036322628147900105,136,0.0003,-0.021533768624067307,320.9,0.01161112
36864,36,3911,9,0.0,0.2,0.00014037902701602434,0.0003272884,0.5792331695556641,-1.9415607452392578,-0.0009921274322550744,140,0.0003,-0.022541571408510208,320.9,0.01161112
37888,37,3937,9,0.0,0.2,8.061800986070011e-05,0.00028087088,0.6618521809577942,-1.9400496184825897,-0.00025689051835797727,144,0.0003,-0.021625055000185966,320.9,0.01161112
38912,38,3961,9,0.0,0.2,4.7219530870279414e-05,0.0005229796,0.7029483914375305,-1.9372918233275414,-0.0007227543101180345,148,0.0003,-0.024568457156419754,319.96,0.015222230000000002
39936,39,3986,10,0.000244140625,0.2,0.0009560741891618818,0.0035212885,0.01497507095336914,-1.9288373216986656,-0.004446982784429565,152,0.0003,-0.02531210146844387,319.96,0.015222230000000002
40960,40,4011,10,0.0,0.2,6.130086376288091e-05,0.002801972,0.5667810440063477,-1.9061385691165924,-0.0008971796778496355,156,0.0003,-0.016967233270406723,319.96,0.015222229999999998
41984,41,4034,10,0.0,0.2,0.00012630908167921007,0.0021160764,0.8599343299865723,-1.882439449429512,-0.0014717115845996886,160,0.0003,-0.021288858726620674,319.85,0.01652779
43008,42,4056,10,0.0,0.2,0.00018735777985057211,0.0020551488,0.8138384222984314,-1.8644699156284332,-0.001284756071981974,164,0.0003,-0.022055326029658318,319.85,0.01652779
44032,43,4079,10,0.0,0.2,8.29756918392377e-05,0.0006724334,0.9136797189712524,-1.8444653525948524,-0.0003850156208500266,168,0.0003,-0.022730469703674316,319.85,0.01652779
45056,44,4100,10,0.0,0.2,8.527392947144108e-05,0.00091625703,0.821274995803833,-1.8519387021660805,-0.0007213991484604776,172,0.0003,-0.01823877915740013,317.71,0.023472229999999997
46080,45,4121,11,0.0,0.2,0.0029527269580285065,0.0029759468,0.13566523790359497,-1.8381201028823853,-0.0027389269089326262,176,0.0003,-0.024171728640794754,317.71,0.02347223
47104,46,4140,11,0.0,0.2,0.00011371019945727312,0.0014113784,0.6810823678970337,-1.8131685554981232,-0.0010130310256499797,180,0.0003,-0.01879149116575718,317.71,0.02347223
48128,47,4159,11,0.0,0.2,9.568361838319106e-05,0.0015691983,0.914505660533905,-1.8418829590082169,-0.00013301563740242273,184,0.0003,-0.015041892416775227,317.71,0.02347223
49152,48,4177,11,0.0,0.2,7.13036288289004e-05,0.00063174625,0.9076813459396362,-1.8508619219064713,-0.00030666147358715534,188,0.0003,-0.0199853777885437,317.71,0.023472229999999997
50176,49,4196,11,0.0,0.2,7.071279378578765e-05,0.00096793287,0.8933404684066772,-1.8401473611593246,-0.0008462705591227859,192,0.0003,-0.022005213424563408,316.94,0.02661112
51200,50,4212,12,0.0,0.2,0.0004617739687091671,0.0009130966,0.6783292293548584,-1.8585899099707603,6.478999421233311e-05,196,0.0003,-0.01957518234848976,317.03,0.02636112
52224,51,4228,12,0.0,0.2,0.0011426888850110117,0.0014397155,0.5693106055259705,-1.8565938621759415,-0.001362622802844271,200,0.0003,-0.02119763009250164,316.35,0.02925001
53248,52,4244,12,0.0,0.2,0.0003748415429072338,0.0014933067,0.6587872505187988,-1.8565249666571617,-0.0011879024968948215,204,0.0003,-0.01893027126789093,314.0,0.036777790000000005
54272,53,4260,12,0.0,0.2,0.001469286506107892,0.0010874608,0.2812313437461853,-1.8683808222413063,-0.0009685375553090125,208,0.0003,-0.020840339362621307,314.0,0.036777790000000005
55296,54,4275,12,0.0,0.2,0.00013728882004215848,0.0010137476,0.6597965955734253,-1.847857192158699,-0.00037317464011721313,212,0.0003,-0.017848636955022812,314.0,0.036777790000000005
56320,55,4290,13,0.023193359375,0.2,0.00013787014586341684,0.007716881,0.8966286182403564,-1.8210407942533493,-0.0046170634450390935,216,0.0003,-0.030918661504983902,311.69,0.044194460000000005
57344,56,4304,13,0.0,0.2,0.0032889831927604973,0.0041949525,-0.11142432689666748,-1.7411482706665993,-0.003003525867825374,220,0.0003,-0.024586232379078865,311.69,0.044194460000000005
58368,57,4317,13,0.0,0.2,0.00014503285274258815,0.0018891466,0.786104142665863,-1.7189771607518196,-0.0003482936881482601,224,0.0003,-0.021042900159955025,310.37,0.04986113
59392,58,4330,13,0.0,0.2,0.0008565344414819265,0.0032120899,0.4541980028152466,-1.7535447776317596,-0.001548221247503534,228,0.0003,-0.025131436064839363,308.79,0.05525002
60416,59,4344,13,0.02294921875,0.2,0.0031718708050902933,0.005162501,0.3712214231491089,-1.7872271537780762,-0.0030415587389143184,232,0.0003,-0.03008294105529785,308.79,0.05525002
61440,60,4356,14,0.006591796875,0.2,0.00037284649442881346,0.0059924396,0.9135276675224304,-1.8321181684732437,-0.003540878533385694,236,0.0003,-0.02489016205072403,308.79,0.05525002
62464,61,4368,14,0.0,0.2,0.00029582574916275917,0.0018464918,0.9233144521713257,-1.8701490983366966,-0.0011986157624050975,240,0.0003,-0.023680714890360832,308.79,0.055250020000000004
63488,62,4379,14,0.0,0.2,0.0001711614463602018,0.0021792261,0.9349410533905029,-1.8704085275530815,-0.0010749522916739807,244,0.0003,-0.023636693134903908,308.2,0.05788891
64512,63,4389,14,0.0,0.2,0.0002834112901837216,0.0022611108,0.8939478993415833,-1.8739098533988,-0.0018678659398574382,248,0.0003,-0.02278853952884674,308.44,0.05622223999999999
65536,64,4400,14,0.0,0.2,7.826032674529415e-05,0.0038034946,0.9525511264801025,-1.8822627067565918,-0.0037231961032375693,252,0.0003,-0.025959203019738197,308.44,0.05622223999999999
66560,65,4412,15,0.0,0.2,6.297241679931176e-05,0.0019157634,0.9538763761520386,-1.8971544057130814,-0.00010618461237754673,256,0.0003,-0.022486083209514618,308.23,0.057805569999999994
67584,66,4423,15,0.0,0.2,0.0002691290751499764,0.0022356259,0.8147977590560913,-1.8940168768167496,-0.002455521695083007,260,0.0003,-0.020127590745687485,308.23,0.057805569999999994
68608,67,4433,15,0.0,0.2,6.064375975256553e-05,0.0012262489,0.8803719282150269,-1.8732202872633934,-0.0008284070936497301,264,0.0003,-0.023122675716876984,308.23,0.05780557
69632,68,4442,15,0.0,0.2,0.000468415815703338,0.0039209523,0.4389214515686035,-1.8766219690442085,-0.004216936955344863,268,0.0003,-0.03021932765841484,306.64,0.06222224
70656,69,4452,15,0.0,0.2,0.003500071594316978,0.003129134,0.2579374313354492,-1.8444845899939537,-0.000544017122592777,272,0.0003,-0.020084064453840256,303.35,0.07336113
71680,70,4461,16,0.0,0.2,0.0033225833903998137,0.0018382805,0.3496658205986023,-1.8343812078237534,-0.001660816604271531,276,0.0003,-0.018077172338962555,301.59,0.07825001
72704,71,4469,16,0.0,0.2,0.0021271647565299645,0.00067986967,0.43239331245422363,-1.8544325977563858,-0.0006841912399977446,280,0.0003,-0.023591963574290276,301.59,0.07825001
73728,72,4478,16,0.0,0.2,0.0003367288345543784,0.0028373704,0.4573884606361389,-1.8307596445083618,-0.0018533252587076277,284,0.0003,-0.013053185306489468,301.59,0.07825001000000001
74752,73,4485,16,0.0,0.2,0.00019346762110217242,0.00088863925,0.6742329597473145,-1.8047050833702087,-0.0011782739020418376,288,0.0003,-0.019505029544234276,299.8,0.08522223999999999
75776,74,4494,16,0.0,0.2,0.001183166199552943,0.0037275248,0.656721830368042,-1.7895337417721748,-0.0031566535762976855,292,0.0003,-0.018977563828229904,298.46,0.08994446
76800,75,4502,17,0.0,0.2,0.0009248477908840869,0.0049748993,0.5841065645217896,-1.7183642461895943,-0.001860530421254225,296,0.0003,-0.025403043255209923,297.8,0.09277778999999998
77824,76,4510,17,0.017822265625,0.2,0.00042228858728776686,0.0044126157,0.7799941897392273,-1.710900917649269,-0.005687711760401726,300,0.0003,-0.031461652368307114,295.79,0.10036112
78848,77,4519,17,0.0,0.2,0.0008701351362105925,0.0033396077,0.8449721932411194,-1.7778054550290108,-0.0016623586125206202,304,0.0003,-0.02919819764792919,293.88,0.10766667999999999
79872,78,4526,17,0.000732421875,0.2,0.001040603019646369,0.00244931,0.652485191822052,-1.8104083389043808,-0.0009367761958856136,308,0.0003,-0.023821018636226654,294.65,0.10452778999999998
80896,79,4534,17,0.0,0.2,0.00033927671756828204,0.0007367868,0.728413999080658,-1.8285533264279366,-0.0009898891730699688,312,0.0003,-0.021726572886109352,293.45,0.10786112
81920,80,4542,18,0.0,0.2,0.002797944711346645,0.0017792098,0.37899619340896606,-1.8192759975790977,-0.001529727509478107,316,0.0003,-0.01778186298906803,295.8,0.10033334
82944,81,4549,18,0.0,0.2,0.00031341334670287324,0.008271057,0.45930832624435425,-1.776931881904602,-0.005707974618417211,320,0.0003,-0.027090296149253845,293.97,0.10841667
83968,82,4557,18,0.0,0.2,0.0007400782669719774,0.002848872,0.5682199001312256,-1.6824497878551483,-0.0004741289812955074,324,0.0003,-0.022469621151685715,290.76,0.11933333999999998
84992,83,4564,18,0.0,0.2,0.0039168847288237885,0.0015885213,0.31519973278045654,-1.669255219399929,-0.0011428933357819915,328,0.0003,-0.021057482808828354,292.91,0.11336110999999999
86016,84,4571,18,0.0,0.2,0.0009312481597589795,0.0019010515,0.4311937689781189,-1.6320294290781021,-0.00019862220506183803,332,0.0003,-0.006613810081034899,290.62,0.12072222
87040,85,4576,19,0.00390625,0.2,0.0033582402029423974,0.0065781046,0.20023715496063232,-1.6425309926271439,-0.003606940765166655,336,0.0003,-0.018749644979834557,291.65,0.11686111
88064,86,4583,19,0.019287109375,0.2,0.00053502815990214,0.0038127112,0.8121061325073242,-1.7451307252049446,-0.002220549067715183,340,0.0003,-0.017476694658398628,292.54,0.11438889
89088,87,4590,19,0.0,0.2,0.0017097889867727645,0.004036802,0.5736136436462402,-1.7294909358024597,-0.0019102561345789582,344,0.0003,-0.024812310934066772,293.37,0.11108333
90112,88,4596,19,0.0,0.2,0.00039230046149896225,0.0010142254,0.7472980618476868,-1.6720481887459755,-0.0006635778700001538,348,0.0003,-0.0200165044516325,290.3,0.12161111
91136,89,4602,19,0.00048828125,0.2,0.0033121140659204684,0.0016731359,0.38534897565841675,-1.658864013850689,-0.0020840071520069614,352,0.0003,-0.015215166844427586,287.41,0.13063889
92160,90,4609,19,0.017333984375,0.2,0.004333023643994238,0.008035351,0.2195790410041809,-1.5995166972279549,-0.00545392234926112,356,0.0003,-0.02302827499806881,286.49,0.13319444
93184,91,4615,20,0.0,0.2,0.001462714219087502,0.002273085,0.5130077600479126,-1.4913033246994019,-0.0006623343506362289,360,0.0003,-0.01703750528395176,286.39,0.13447222
94208,92,4621,20,0.0,0.2,0.0007556442615168635,0.00080269185,0.6079220175743103,-1.4631750136613846,-0.0007271122885867953,364,0.0003,-0.018607784062623978,285.8,0.13711111
95232,93,4627,20,0.00048828125,0.2,0.00037173319287830964,0.0023886801,0.7410043478012085,-1.4750959649682045,-0.0014527918683597818,368,0.0003,-0.009743203409016132,281.92,0.14888889
96256,94,4629,20,0.0,0.2,0.005407198317698203,0.0010736797,0.13570952415466309,-1.492382600903511,-0.00039093111990951,372,0.0003,-0.018824635073542595,281.92,0.14888889
97280,95,4635,20,0.026123046875,0.2,0.00036229360557626933,0.0033614049,0.8875744342803955,-1.4769863784313202,-0.0030259729537647218,376,0.0003,-0.022111473605036736,284.45,0.14086110999999998
98304,96,4640,21,0.0,0.2,0.0004027908762509469,0.0022409773,0.7600769996643066,-1.5275324583053589,-0.002289150288561359,380,0.0003,-0.02913760021328926,282.12,0.14833332999999999
99328,97,4645,21,0.017822265625,0.2,0.002487210076651536,0.009269131,0.3987961411476135,-1.4652519673109055,-0.004879618907580152,384,0.0003,-0.027572132647037506,283.97,0.14219444
100352,98,4651,21,0.0,0.2,0.0013736586988670751,0.0056134695,0.4063858985900879,-1.2891472950577736,-0.0007818282465450466,388,0.0003,-0.012655004858970642,285.84,0.136
101376,99,4657,21,0.0,0.2,0.00038272402161965147,0.0019267539,0.7486093044281006,-1.2300195917487144,-0.0009265571425203234,392,0.0003,-0.018513169139623642,285.84,0.136
102400,100,4663,21,0.013671875,0.2,0.0001774131696947734,0.0026051346,0.8008426427841187,-1.2122240290045738,-0.0016702293360140175,396,0.0003,-0.025437356904149055,287.28,0.132
103424,101,4668,22,0.0,0.2,0.0008287648161058314,0.0008902816,0.6187237501144409,-1.3054762110114098,-0.0001750196097418666,400,0.0003,-0.01685446687042713,281.57,0.15086111
104448,102,4674,22,0.008544921875,0.2,0.005952367660938762,0.0035084044,0.1898917555809021,-1.3570567592978477,-0.0018686831172090024,404,0.0003,-0.012140192091464996,277.19,0.16402778999999998
105472,103,4679,22,0.018310546875,0.2,0.00506617764767725,0.0049349475,0.48450756072998047,-1.4478735998272896,-0.0027117818244732916,408,0.0003,-0.01694486476480961,277.46,0.16327779
106496,104,4684,22,0.002197265625,0.2,0.002328672620933503,0.0038858657,0.05662792921066284,-1.5258594378829002,-0.0035728516231756657,412,0.0003,-0.03134334832429886,278.79,0.15758335
107520,105,4688,22,0.04150390625,0.2,0.0009982506671804003,0.0059437533,0.5209713578224182,-1.5741951316595078,-0.0015674577734898776,416,0.0003,-0.02529246173799038,275.09,0.17086111999999998
108544,106,4692,23,0.0,0.2,0.0026168481999775395,0.003209075,0.5432404279708862,-1.5978824123740196,-0.002077925979392603,420,0.0003,-0.020305534824728966,273.38,0.17561111999999998
109568,107,4696,23,0.0,0.2,0.004430793549545342,0.0033437605,0.21943879127502441,-1.5959567502140999,-0.0017312777636107057,424,0.0003,-0.01872177980840206,274.2,0.17233334
110592,108,4702,23,0.016357421875,0.2,0.0015051564332679845,0.0031357626,0.7316347360610962,-1.6093021035194397,-0.0037806828040629625,428,0.0003,-0.017883291468024254,275.88,0.16466667000000001
111616,109,4707,23,0.0,0.2,0.0002928605827037245,0.0015379017,0.9516148567199707,-1.6078412234783173,-0.002398990880465135,432,0.0003,-0.018981952220201492,275.88,0.16466667000000001
112640,110,4709,23,0.0,0.2,0.0004897270337096415,0.00044491602,0.8966189026832581,-1.615555614233017,0.00017791253048926592,436,0.0003,-0.0160461887717247,277.71,0.15858334
113664,111,4714,24,0.0,0.2,0.00038296215279842727,0.0016244843,0.8407866954803467,-1.5948326364159584,-0.0013866466761101037,440,0.0003,-0.021678905934095383,276.6,0.16266666999999999
114688,112,4718,24,0.0,0.2,0.0026396031607873738,0.0008206283,0.4004228711128235,-1.5470410957932472,-0.00019144231191603467,444,0.0003,-0.012714764103293419,275.89,0.16363889
115712,113,4723,24,0.0,0.2,0.0031232515393639915,0.0024645883,0.31548452377319336,-1.5495643764734268,-0.0018172947748098522,448,0.0003,-0.020984483882784843,267.98,0.18861112000000002
116736,114,4726,24,0.0,0.2,0.008868686360074207,0.0020564569,0.3077980875968933,-1.5854364186525345,-0.001673657854553312,452,0.0003,-0.01715146377682686,266.11,0.19480556
117760,115,4729,24,0.0341796875,0.2,0.001034826214890927,0.005295636,0.8871091604232788,-1.5385711342096329,-0.0038854514132253826,456,0.0003,-0.01803182065486908,264.14,0.20227777000000002
118784,116,4734,25,0.011474609375,0.2,0.006165822691400535,0.0018727703,0.5899814367294312,-1.5454521253705025,-0.0012107632210245356,460,0.0003,-0.015570446848869324,260.19,0.21524999000000006
119808,117,4738,25,0.0,0.2,0.0031185029438347556,0.0051726056,0.49921315908432007,-1.5198781415820122,-0.0031059736211318523,464,0.0003,-0.0275092963129282,260.29,0.21397221000000002
120832,118,4742,25,0.0,0.2,0.0013390692402026616,0.0007746785,0.5362201929092407,-1.4389419630169868,-0.0007351762906182557,468,0.0003,-0.014600558206439018,260.52,0.21433332
121856,119,4746,25,0.0126953125,0.2,0.003816021795501001,0.0033707581,0.3659259080886841,-1.4909932315349579,-0.0003319091920275241,472,0.0003,-0.01504657231271267,256.81,0.22663888
122880,120,4746,25,0.003662109375,0.2,0.002895008154155221,0.0016080162,0.3534904718399048,-1.5464020073413849,-0.0010227561797364615,476,0.0003,-0.010159971192479134,259.14,0.21916666000000004
123904,121,4748,26,0.0,0.2,0.00046622228182968684,0.006751891,0.6598303318023682,-1.63272213190794,-0.00385780495707877,480,0.0003,-0.026712968945503235,257.63,0.22436109999999998
124928,122,4750,26,0.0,0.2,0.001107112428144319,0.0032604132,0.6009296774864197,-1.7225169315934181,0.00048329660785384476,484,0.0003,-0.01617087982594967,257.63,0.22436110000000004
125952,123,4751,26,0.029052734375,0.2,0.0002542892189012491,0.0077591166,0.8308973908424377,-1.7697255313396454,-0.005630755331367254,488,0.0003,-0.03150366619229317,259.07,0.21936110000000003
126976,124,4752,26,0.026123046875,0.2,0.00019630716406027204,0.0061843763,0.8837112188339233,-1.820957526564598,-0.002882364933611825,492,0.0003,-0.01840437948703766,259.07,0.21936110000000003
128000,125,4753,26,0.0,0.2,0.00015698448532930342,0.0031289614,0.9165322184562683,-1.8160791397094727,-0.001980094108148478,496,0.0003,-0.017383117228746414,259.45,0.21730554000000002
129024,126,4756,27,0.0,0.2,0.0017191008082590997,0.0013675657,0.5421976447105408,-1.8161405101418495,-0.00032837885373737663,500,0.0003,-0.021112361922860146,259.48,0.21622220999999997
130048,127,4758,27,0.0,0.2,0.0027041743451263756,0.0012857334,0.7485242486000061,-1.8342705890536308,-0.00017287934315390885,504,0.0003,-0.015040658414363861,261.69,0.20908332000000002
131072,128,4398,29,0.0,0.2,0.0007801872307027224,0.00035059475,0.6328113079071045,-1.8193733021616936,-0.00024396157823503017,508,0.0003,-0.018641043454408646,264.21,0.20108332
132096,129,4403,29,0.02197265625,0.2,0.0006060420055291615,0.0032617997,0.601428747177124,-1.8367992118000984,-0.0014835190668236464,512,0.0003,-0.019389718770980835,266.11,0.19580554000000003
133120,130,4408,30,0.0,0.2,0.0019074979209108278,0.0029656747,0.44692981243133545,-1.837914265692234,-0.0031377346313092858,516,0.0003,-0.02259768173098564,265.5,0.19849998
134144,131,4413,30,0.01123046875,0.2,0.001107477604818996,0.0038674755,0.6910085678100586,-1.8300072774291039,-0.00314095921930857,520,0.0003,-0.026208918541669846,266.92,0.19355553
135168,132,4419,30,0.055419921875,0.2,0.0006932944233994931,0.010380169,0.5379951596260071,-1.7811129912734032,-0.006605147355003282,524,0.0003,-0.034233611077070236,269.07,0.18658330999999997
136192,133,4422,30,0.027587890625,0.2,0.00010991122758241545,0.0067140446,0.8941243290901184,-1.7327228784561157,-0.00298838279559277,528,0.0003,-0.017414512112736702,271.95,0.17758331
137216,134,4426,30,0.0,0.2,0.0001036190444665408,0.0007265548,0.8323066234588623,-1.7227767780423164,-0.00025029777316376567,532,0.0003,-0.015969565138220787,273.87,0.17124997999999997
138240,135,4429,31,0.0,0.2,8.496025816384645e-05,0.002120788,0.8373254537582397,-1.721511222422123,-0.0012722293613478541,536,0.0003,-0.02027841843664646,274.9,0.16738887
139264,136,4432,31,0.0,0.2,0.00012029263871227158,0.0015186148,0.8078317642211914,-1.7159607633948326,-0.0008591943187639117,540,0.0003,-0.021137505769729614,274.38,0.16983331
140288,137,4435,31,0.0,0.2,0.0002720843312999932,0.0031949654,0.8660594820976257,-1.710270695388317,-0.0029644378228113055,544,0.0003,-0.02898479625582695,274.38,0.16983331
141312,138,4440,31,0.00341796875,0.2,0.0004315038113418268,0.0037013607,0.7887358665466309,-1.7246305868029594,-0.0019370607915334404,548,0.0003,-0.016805516555905342,275.31,0.16624998
142336,139,4444,32,0.0,0.2,0.003658891044324264,0.0020704162,0.32256579399108887,-1.7545557096600533,-0.00044737866846844554,552,0.0003,-0.02136871963739395,276.72,0.16233331
143360,140,4448,32,0.0,0.2,0.0003333563163323561,0.0006572779,0.8508301973342896,-1.749878630042076,-0.0005085950251668692,556,0.0003,-0.018912822008132935,282.05,0.14552775
144384,141,4453,32,0.0,0.2,0.00027929012958338717,0.0048524356,0.8096194863319397,-1.7349853441119194,-0.0030512312951032072,560,0.0003,-0.025387311354279518,285.44,0.13411108
145408,142,4458,32,0.0,0.2,0.0001367360282529262,0.0014453782,0.900127112865448,-1.6793377697467804,0.00012359520769678056,564,0.0003,-0.020984569564461708,287.31,0.12791664
146432,143,4461,32,0.002685546875,0.2,9.598856695447466e-05,0.008295806,0.9102088212966919,-1.719058871269226,-0.0041346840298501775,568,0.0003,-0.021614888682961464,286.35,0.13058332
147456,144,4464,33,0.0,0.2,0.002658702011103742,0.005847863,0.41117429733276367,-1.758045233786106,-0.0028046352963428944,572,0.0003,-0.03563012555241585,290.91,0.11591666000000002
148480,145,4469,33,0.0908203125,0.2,0.004691951558925211,0.012650134,0.2165718674659729,-1.6964540034532547,-0.0055043979082256556,576,0.0003,-0.00933871977031231,289.8,0.121
149504,146,4474,33,0.0,0.2,0.0031832199165364727,0.003239393,0.5935473442077637,-1.6296651139855385,-0.002101964710163884,580,0.0003,-0.010183721780776978,287.54,0.12727778000000003
150528,147,4479,33,0.117919921875,0.2,0.0024718758213566616,0.017649315,0.7039130330085754,-1.5429117381572723,-0.009041606390383095,584,0.0003,-0.033760957419872284,292.34,0.11094445
151552,148,4484,33,0.0,0.2,0.0014762451537535526,0.0008847291,0.8403094410896301,-1.4289133995771408,-0.0007629824249306694,588,0.0003,-0.014575079083442688,292.09,0.11163888999999999
152576,149,4489,33,0.0,0.2,0.001090925703465473,0.00091376615,0.8303049206733704,-1.4165106415748596,-0.0010506435355637223,592,0.0003,-0.018387168645858765,291.36,0.11466667000000001
153600,150,4493,34,0.001220703125,0.2,0.0009340545111626852,0.0036066533,0.6017404794692993,-1.3857341930270195,-0.0023796856839908287,596,0.0003,-0.022122075781226158,291.8,0.11344445
154624,151,4499,34,0.0,0.2,0.0008520319679519162,0.0005273528,0.6388433575630188,-1.3204349055886269,-5.832988244947046e-05,600,0.0003,-0.013731459155678749,290.41,0.11830555999999999
155648,152,4504,34,0.0,0.2,0.0010884342700592242,0.0008777553,0.5520703792572021,-1.342968687415123,-0.0007547139539383352,604,0.0003,-0.010925681330263615,287.99,0.12602777999999998
156672,153,4511,34,0.013916015625,0.2,0.003821265694568865,0.0019482526,0.3627563714981079,-1.3599399700760841,-0.002461199735989794,608,0.0003,-0.015638763085007668,283.97,0.13919445000000003
157696,154,4517,34,0.0,0.2,0.004169416890363209,0.0003197337,0.34918010234832764,-1.3745728880167007,-7.122104580048472e-05,612,0.0003,-0.014914236962795258,286.18,0.13205556
158720,155,4522,35,0.0,0.2,0.0004732242141471943,0.0026071556,0.7273238897323608,-1.3318735212087631,-0.002002763096243143,616,0.0003,-0.01381148211658001,288.13,0.12563889
159744,156,4529,35,0.0,0.2,0.0002479617251083255,0.001525003,0.6796505451202393,-1.2802256792783737,-0.0009275020711356774,620,0.0003,-0.018794391304254532,286.51,0.13013889
160768,157,4535,35,0.0,0.2,0.0012899706307507586,0.00048503897,0.5388306379318237,-1.252699263393879,-0.000502213864820078,624,0.0003,-0.010158861055970192,287.24,0.12811111
161792,158,4541,35,0.0107421875,0.2,0.001059944672306301,0.0036254416,0.1909395456314087,-1.2971019446849823,-0.002301929664099589,628,0.0003,-0.01646668277680874,284.24,0.13544446
162816,159,4548,35,0.0,0.2,0.0069793892034795135,0.0010167313,0.3549944758415222,-1.336842305958271,-0.0006498460134025663,632,0.0003,-0.01684381440281868,284.24,0.13544446
163840,160,4554,35,0.03515625,0.2,0.00037075882210046984,0.008520106,0.847314178943634,-1.4186690971255302,-0.003793577241594903,636,0.0003,-0.025530651211738586,284.24,0.13544446000000002
164864,161,4560,36,0.0,0.2,0.00028347987154120347,0.0032861137,0.7554908394813538,-1.49925097823143,-0.0021704583195969462,640,0.0003,-0.019118327647447586,280.37,0.14819446
165888,162,4566,36,0.0,0.2,0.004459925010451116,0.0015720688,0.24333006143569946,-1.5018411725759506,-0.000952383823459968,644,0.0003,-0.015791084617376328,280.37,0.14819446
166912,163,4570,36,0.0,0.2,0.0002435826963846921,0.002288003,0.7964801788330078,-1.4821267873048782,-0.001542756668641232,648,0.0003,-0.018384277820587158,280.6,0.14755558000000002
167936,164,4575,36,0.0,0.2,0.000656190502922982,0.0063215457,0.7425392866134644,-1.4266621693968773,-0.003370005084434524,652,0.0003,-0.029337437823414803,280.6,0.14755558
168960,165,4580,36,0.013671875,0.2,0.00047965534577087965,0.006097162,0.6670104265213013,-1.3113543465733528,-0.0022149491705931723,656,0.0003,-0.024279054254293442,277.84,0.15722225
169984,166,4582,37,0.012939453125,0.2,0.002049606540822424,0.005810235,0.47842442989349365,-1.2971111312508583,-0.0030262405198300257,660,0.0003,-0.017131254076957703,271.73,0.17619447000000002
171008,167,4587,37,0.038330078125,0.2,0.00957426888635382,0.005820832,0.2651081085205078,-1.3556779026985168,-0.0024320497177541256,664,0.0003,-0.014379103668034077,268.69,0.18663891
172032,168,4591,37,0.00341796875,0.2,0.002833925187587738,0.005493708,0.691423773765564,-1.2955774143338203,-0.003000542681547813,668,0.0003,-0.008308548480272293,268.22,0.18894447
173056,169,4596,37,0.0,0.2,0.0007777890150464373,0.0021777088,0.8030104637145996,-1.2430959790945053,-0.0014572195068467408,672,0.0003,-0.018947461619973183,267.95,0.18969446999999998
174080,170,4600,37,0.0,0.2,0.0012665612157434225,0.0020690628,0.7575643062591553,-1.267265222966671,-0.00174586774664931,676,0.0003,-0.02363400347530842,268.05,0.19041669
175104,171,4606,38,0.0,0.2,0.0015734362132207025,0.0034601488,0.7810140252113342,-1.1926299929618835,-0.000224981369683519,680,0.0003,-0.004840843379497528,267.56,0.19077779
176128,172,4611,38,0.0,0.2,0.005917914168094285,0.001726792,0.46624070405960083,-1.1617406010627747,-0.0011000770900864154,684,0.0003,-0.011266971006989479,269.28,0.18700001
177152,173,4616,38,0.0,0.2,0.0005397137647378258,0.002135811,0.7619200944900513,-1.085211157798767,-0.0010290312638971955,688,0.0003,-0.016196418553590775,271.59,0.18058334
178176,174,4620,38,0.0,0.2,0.0008994116251415107,0.0004858488,0.553767204284668,-1.0536169111728668,-0.00020299303287174553,692,0.0003,-0.009442583657801151,272.07,0.17925001
179200,175,4625,38,0.01123046875,0.2,0.003016449074493721,0.003642965,0.4849790930747986,-1.0863966792821884,-0.0028090776613680646,696,0.0003,-0.024632098153233528,270.08,0.18577779000000003
180224,176,4630,38,0.028076171875,0.2,0.0007513846176152583,0.003338801,0.9096232056617737,-1.2012672573328018,-0.0005751579301431775,700,0.0003,-0.011014278046786785,271.88,0.17877779
181248,177,4633,39,0.0,0.2,0.00021144685160834342,0.0021211593,0.7306581735610962,-1.197245679795742,-0.0018141570326406509,704,0.0003,-0.012142925523221493,270.6,0.18333335
182272,178,4637,39,0.0,0.2,0.001579949810547987,0.0009744506,0.3503204584121704,-1.1326422542333603,-0.0001503907551523298,708,0.0003,-0.013134419918060303,271.99,0.17847224
183296,179,4642,39,0.0,0.2,0.0001814027741602331,0.00030298025,0.9192007780075073,-1.1213019415736198,-0.0002367344859521836,712,0.0003,-0.012262195348739624,274.09,0.17163891
184320,180,4647,39,0.0,0.2,0.00011313492655062873,0.00149937,0.9445746541023254,-1.1340088471770287,-0.0013070031127426773,716,0.0003,-0.01208149641752243,276.02,0.1652778
185344,181,4651,39,0.0,0.2,0.003710476026753895,0.00038414536,0.5767005681991577,-1.0995693877339363,-1.9727536709979177e-05,720,0.0003,-0.01035279780626297,276.02,0.1652778
186368,182,4656,40,0.00244140625,0.2,0.00015098780522748712,0.001956157,0.9531710743904114,-1.133279673755169,-0.0025333734083687887,724,0.0003,-0.016333622857928276,275.37,0.16908336
187392,183,4661,40,0.0126953125,0.2,0.0003706309635163052,0.003887173,0.8589659929275513,-1.0868124589323997,-0.003360787930432707,728,0.0003,-0.01583431474864483,272.99,0.17669447000000002
188416,184,4666,40,0.00927734375,0.2,0.0047103472461458296,0.00091675745,-0.0037230253219604492,-1.0559734627604485,-0.0003966637887060642,732,0.0003,-0.011951606720685959,273.99,0.17291668999999998
189440,185,4670,40,0.0,0.2,0.0002852759735105792,0.00062799774,0.5247704982757568,-1.102160058915615,-0.00027398586098570377,736,0.0003,-0.012669316492974758,273.1,0.17638890999999998
190464,186,4675,40,0.00439453125,0.2,0.003495130848023109,0.0011896454,0.39705681800842285,-1.1430664509534836,-0.0008816064218990505,740,0.0003,-0.01822134107351303,274.16,0.17344446000000002
191488,187,4679,40,0.0,0.2,0.0020560975972330198,0.0003069847,0.30235981941223145,-1.1751420125365257,-0.00016523180238436908,744,0.0003,-0.009420127607882023,272.93,0.17786113
192512,188,4684,41,0.0,0.2,0.0006835067815700313,0.0006942282,0.6014546155929565,-1.1936457231640816,-0.00080048808013089,748,0.0003,-0.012098358012735844,276.8,0.16511113000000002
193536,189,4689,41,0.0,0.2,0.0006327430037345039,0.0010313868,0.7446732521057129,-1.2232155948877335,-0.001073030216502957,752,0.0003,-0.014229013584554195,271.26,0.18250002
194560,190,4693,41,0.0,0.2,0.004120621575566474,0.0018187868,0.28065574169158936,-1.2453786358237267,-0.0013105677935527638,756,0.0003,-0.014680870808660984,269.09,0.18852778000000003
195584,191,4698,41,0.0,0.2,0.004291682329494506,0.00061691005,0.519469141960144,-1.2536047250032425,-0.001012379419989884,760,0.0003,-0.009896977804601192,267.23,0.19469445
196608,192,4702,41,0.00439453125,0.2,0.0010934756501228549,0.0054876534,0.7503083944320679,-1.2826505303382874,-0.0031028122612042353,764,0.0003,-0.023829106241464615,269.11,0.18947223000000002
197632,193,4705,41,0.02587890625,0.2,0.00100496412414941,0.004344406,0.6122840046882629,-1.3596748039126396,-0.0013515902392100543,768,0.0003,-0.010128585621714592,272.63,0.17869446
198656,194,4709,42,0.013671875,0.2,0.0025863085793389473,0.0026278559,0.6584422588348389,-1.4021185860037804,-0.0031455534044653177,772,0.0003,-0.02127133309841156,274.45,0.17263891
199680,195,4713,42,0.0,0.2,0.001444632580387406,0.0063670175,0.634376585483551,-1.385274015367031,-0.002543253402109258,776,0.0003,-0.011913047172129154,272.85,0.17708335000000003
200704,196,4717,42,0.0,0.2,0.003536662035912741,0.006477072,0.46576350927352905,-1.267994076013565,-0.001997492916416377,780,0.0003,-0.007897106930613518,270.93,0.18241667999999997
201728,197,4721,42,0.0,0.2,0.0028733214057865553,0.00024395343,0.6030958890914917,-1.191054031252861,8.247412915807217e-05,784,0.0003,-0.011718977242708206,271.64,0.18044446
202752,198,4725,42,0.0078125,0.2,0.0008075750956777483,0.0029819233,0.6426658034324646,-1.2102139294147491,-0.002746519006905146,788,0.0003,-0.010069793090224266,272.44,0.17622224
203776,199,4728,43,0.0,0.2,0.004963614963344298,0.0011803765,0.34562885761260986,-1.1368049532175064,-0.00025857368018478155,792,0.0003,-0.01214971486479044,269.09,0.18552780000000002
204800,200,4730,43,0.0,0.2,0.003355937064043246,0.000371048,0.5323306322097778,-1.1128734350204468,-5.97406760789454e-05,796,0.0003,-0.009062771685421467,269.09,0.18552780000000002
205824,201,4733,43,0.017333984375,0.2,0.0005303701109369285,0.004161521,0.939194917678833,-1.1689327582716942,-0.0028442697948776186,800,0.0003,-0.02071862667798996,272.94,0.17483335
206848,202,4737,43,0.0,0.2,0.0009321193574578501,0.0007274132,0.8991129398345947,-1.2441628724336624,-0.0004010762204416096,804,0.0003,-0.015475863590836525,268.77,0.18841668000000003
207872,203,4739,43,0.000244140625,0.2,0.003690741265018005,0.0005034847,0.7511709332466125,-1.2410489544272423,-0.0013237899111118168,808,0.0003,-0.014398938044905663,261.04,0.21388889000000003
208896,204,4742,44,0.001220703125,0.2,0.005478946361108683,0.0016125331,0.6601382493972778,-1.2437487170100212,-0.0014886260905768722,812,0.0003,-0.014363067224621773,259.29,0.22075
209920,205,4745,44,0.022216796875,0.2,0.001254306949704187,0.0020485055,0.7879668474197388,-1.281968005001545,-0.0021376241056714207,816,0.0003,-0.017344830557703972,257.68,0.22622222
210944,206,4749,44,0.00341796875,0.2,0.0035819242184516042,0.002015543,0.5105352997779846,-1.2620095908641815,-0.002051207557087764,820,0.0003,-0.017170270904898643,254.98,0.23372220999999996
211968,207,4753,44,0.0,0.2,0.005389932863181457,0.0018517827,0.5725295543670654,-1.2816502824425697,-0.00019188784062862396,824,0.0003,-0.015932170674204826,251.35,0.24480553
212992,208,4757,44,0.0,0.2,0.003000046213855967,0.0037841373,0.7622893452644348,-1.2945245653390884,-0.002381385740591213,828,0.0003,-0.023799872025847435,249.47,0.25102776000000004
214016,209,4761,44,0.0283203125,0.2,0.005399734087404795,0.007654258,0.4368835687637329,-1.3888031989336014,-0.0006598189938813448,832,0.0003,0.0007670973427593708,253.43,0.23702776
215040,210,4765,45,0.023681640625,0.2,0.0014088045863900334,0.007805298,0.6352947950363159,-1.4092304110527039,-0.004379579098895192,836,0.0003,-0.025654461234807968,253.43,0.23702776
216064,211,4768,45,0.000244140625,0.2,0.00043844161154993344,0.0011219449,0.7019649744033813,-1.3234809190034866,-0.0013903659273637459,840,0.0003,-0.021678907796740532,256.59,0.22624998000000002
217088,212,4769,45,0.004150390625,0.2,0.00025383047795912717,0.0012427291,0.9125496745109558,-1.366344891488552,-0.0005780828360002488,844,0.0003,-0.014287400990724564,256.59,0.22624998000000002
218112,213,4771,45,0.00830078125,0.2,0.0006023655132594286,0.0023809162,0.8905869126319885,-1.376252643764019,-0.002736329275649041,848,0.0003,-0.01671861857175827,254.9,0.23194442
219136,214,4773,45,0.00048828125,0.2,0.00026088881850228063,0.004062169,0.9172700643539429,-1.3848265409469604,-0.0022289824264589697,852,0.0003,-0.022814394906163216,258.63,0.22058331000000003
220160,215,4775,46,0.0322265625,0.2,0.0008475594131596154,0.0073845387,0.8907968997955322,-1.3846209347248077,-0.001993841433431953,856,0.0003,-0.01195362489670515,257.09,0.22586108999999996
221184,216,4778,46,0.0,0.2,0.003948554389353376,0.0006916456,0.5994125008583069,-1.453144796192646,-0.00016396460705436766,860,0.0003,-0.01407124474644661,259.39,0.21847221
222208,217,4780,46,0.06103515625,0.2,0.0013741186085098889,0.013704572,0.727387547492981,-1.3146644830703735,-0.006073333031963557,864,0.0003,-0.008475269190967083,259.26,0.21883330999999998
223232,218,4782,46,0.010986328125,0.2,0.004387099004816264,0.007305829,0.5648362636566162,-1.1905840933322906,-0.004294499754905701,868,0.0003,-0.02096153236925602,258.05,0.22219442
224256,219,4784,46,0.0,0.2,0.0016128056922752876,0.0020776596,0.6231409907341003,-1.0801549702882767,-0.00044516182970255613,872,0.0003,-0.004644167609512806,255.07,0.23147219999999996
225280,220,4786,47,0.002197265625,0.2,0.004372679934022017,0.0013900029,0.5768837928771973,-1.1086499616503716,-0.0005249629830359481,876,0.0003,-0.008714402094483376,257.83,0.22180553
226304,221,4788,47,0.0,0.2,0.00032479212859470863,0.0010890239,0.9141141176223755,-1.1357064992189407,-0.0016680120315868407,880,0.0003,-0.014189274050295353,257.05,0.22397220000000004
227328,222,4790,47,0.0,0.2,0.002355731150601059,0.000896442,0.7775717973709106,-1.0763842910528183,-0.0008424653206020594,884,0.0003,-0.01094630267471075,257.05,0.2239722
228352,223,4792,47,0.01904296875,0.2,0.0011217837636650074,0.0038987568,0.8677016496658325,-1.0555920600891113,-0.001867195445811376,888,0.0003,-0.006595281418412924,254.78,0.23227775000000006
229376,224,4795,47,0.00048828125,0.2,0.002522437658626586,0.002655858,0.7401851415634155,-0.9973047710955143,-0.0009433455707039684,892,0.0003,-0.007523000240325928,255.48,0.2303333
230400,225,4798,48,0.0,0.2,0.000992235385638196,0.0001654764,0.6472865343093872,-1.0859544798731804,-0.0002416799688944593,896,0.0003,-0.011481274850666523,255.55,0.23013886
231424,226,4800,48,0.0,0.2,0.0016893069259822369,0.0006362794,0.639388918876648,-1.0745888948440552,-0.0006127343222033232,900,0.0003,-0.010712054558098316,252.02,0.24194442000000002
232448,227,4804,48,0.03173828125,0.2,0.001822857309889514,0.0050802804,0.6968914866447449,-1.1554202139377594,-0.002598402905277908,904,0.0003,-0.016970863565802574,251.34,0.24383330999999997
233472,228,4807,48,0.00048828125,0.2,0.0036719917043228634,0.0010976642,0.7316287159919739,-1.204287201166153,-0.0007235476223286241,908,0.0003,-0.01788141578435898,256.02,0.22783330999999996
234496,229,4810,48,0.0146484375,0.2,0.0006690230420645094,0.007607351,0.8761880993843079,-1.1945844367146492,-0.003473147633485496,912,0.0003,-0.02577606774866581,257.38,0.22405554
235520,230,4814,48,0.001708984375,0.2,0.0006361718824337004,0.004634523,0.784902811050415,-1.040125034749508,-0.0013808925286866724,916,0.0003,-0.002519917907193303,258.17,0.2208611
236544,231,4818,49,0.00927734375,0.2,0.0034786349133355543,0.0018720055,0.5216299295425415,-1.0180767439305782,-0.0014476283395197242,920,0.0003,-0.017737798392772675,260.0,0.21477777
237568,232,4821,49,0.0,0.2,0.0003959749737987295,0.00061417813,0.8324757218360901,-1.0416121780872345,-0.0005975429085083306,924,0.0003,-0.014918604865670204,262.92,0.20566665999999997
238592,233,4825,49,0.00634765625,0.2,0.0002662259394128341,0.0022074154,0.9146405458450317,-0.993166621774435,-0.0018687051779124886,928,0.0003,-0.014627926982939243,267.49,0.19197221999999997
239616,234,4828,49,0.0,0.2,0.0020946582735632546,0.0010312477,0.7810178399085999,-0.9348252601921558,-0.0009093326516449451,932,0.0003,-0.012446767650544643,264.14,0.20327776999999994
240640,235,4831,49,0.0,0.2,0.0027083466775366105,0.0006266397,0.637446403503418,-0.9132751487195492,-0.0006393720395863056,936,0.0003,-0.01098506897687912,262.98,0.20749999
241664,236,4834,49,0.014404296875,0.2,0.0006489665283879731,0.003431896,0.8191098570823669,-0.9887951463460922,-0.0006654515673290007,940,0.0003,-0.012270361185073853,260.72,0.21477777
242688,237,4838,50,0.021484375,0.2,0.0016261536584352143,0.003878919,0.8183115720748901,-1.080564334988594,-0.00310920606716536,944,0.0003,-0.02280266024172306,255.97,0.23097221999999995
243712,238,4841,50,0.025146484375,0.2,0.003214246105926577,0.0041287215,0.7561899423599243,-1.1433808356523514,-0.00262050905439537,948,0.0003,-0.015168596990406513,253.28,0.23944443999999998
244736,239,4845,50,0.0,0.2,0.001200019616589998,0.0014363648,0.7076405882835388,-1.1284761279821396,-0.0007758071587886661,952,0.0003,-0.013845473527908325,255.09,0.23341665999999997
245760,240,4848,50,0.0322265625,0.2,0.0011007521861756686,0.006307359,0.18897056579589844,-1.1424103751778603,-0.0009881524310912937,956,0.0003,-0.012507624924182892,257.33,0.22519444
246784,241,4851,50,0.0087890625,0.2,0.0022026007645763457,0.0019502545,0.5603070259094238,-1.2467690259218216,-0.0007501061481889337,960,0.0003,-0.01109936460852623,255.06,0.2325
247808,242,4854,51,0.0,0.2,0.0024751922246650793,0.0016699368,0.7799572944641113,-1.1858904883265495,-0.0016922748764045537,964,0.0003,-0.01642083004117012,254.7,0.23350000999999995
248832,243,4857,51,0.0029296875,0.2,0.0026377917820354924,0.0011790125,0.7701765298843384,-1.2160395681858063,-0.0008171039808075875,968,0.0003,-0.009809479117393494,256.73,0.22686111999999997
249856,244,4860,51,0.0009765625,0.2,0.0007062226868583821,0.0011976347,0.8586661219596863,-1.1726776510477066,-0.002122436257195659,972,0.0003,-0.01914585754275322,260.93,0.21319444999999998
250880,245,4862,51,0.019775390625,0.2,0.00029203058147686534,0.004145677,0.9231539368629456,-1.2832922264933586,-0.0009204241214320064,976,0.0003,-0.014189328998327255,257.09,0.22586112
251904,246,4865,51,0.01416015625,0.2,0.002533787912398111,0.004754475,0.773838996887207,-1.327998124063015,-0.002006380964303389,980,0.0003,-0.02735109068453312,257.59,0.22447222999999997
252928,247,4868,51,0.089599609375,0.2,0.0005300640023051528,0.010240285,0.9306638836860657,-1.3052097409963608,-0.006120823411038145,984,0.0003,-0.018065208569169044,259.41,0.21941667000000004
253952,248,4871,52,0.03759765625,0.2,0.0005170505264686653,0.0055227,0.8572241067886353,-1.30724735558033,-0.0028547572292154655,988,0.0003,-0.015957769006490707,258.61,0.2206389
254976,249,4874,52,0.00537109375,0.2,0.007788230577716604,0.0020012634,0.38945525884628296,-1.1971023976802826,-0.001125677372328937,992,0.0003,-0.00856792088598013,258.1,0.22205557999999997
256000,250,4876,52,0.026123046875,0.2,0.0030889198096701875,0.0046231523,0.724459171295166,-1.297667771577835,-0.0014985063316999003,996,0.0003,-0.010238202288746834,253.14,0.23683336000000005
257024,251,4879,52,0.147216796875,0.2,0.005359985108952969,0.01767204,0.7808148860931396,-1.1895410493016243,-0.004529766854830086,1000,0.0003,-0.01653045415878296,253.86,0.23283336000000002
258048,252,4882,52,0.00390625,0.2,0.0017257325162063353,0.0028342113,0.6990185976028442,-1.1078087985515594,-0.002007751929340884,1004,0.0003,-0.016308685764670372,256.54,0.22438892000000002
259072,253,4885,53,0.04052734375,0.2,0.0002462650099914754,0.003375918,0.9577302932739258,-1.0926422327756882,-0.0028089726547477767,1008,0.0003,-0.020518233999609947,258.71,0.21836114
260096,254,4888,53,0.007080078125,0.2,0.0005979946727165952,0.0022134995,0.9483151435852051,-1.0392131581902504,-0.0014995245728641748,1012,0.0003,-0.018156982958316803,258.36,0.21933336
261120,255,4890,53,0.04541015625,0.2,0.0012624796036107,0.0035240538,0.9030511975288391,-1.1064407601952553,-0.0017145814490504563,1016,0.0003,-0.007406832184642553,258.36,0.21933336
262144,256,4748,55,0.0,0.2,0.0003653291487353272,0.0018768634,0.9533755779266357,-1.0699803605675697,-0.0007969555736053735,1020,0.0003,-0.013399135321378708,259.69,0.21463892
263168,257,4751,55,0.0,0.2,0.0035974361380795017,0.0012781802,0.40685904026031494,-1.030242532491684,-0.0013142540701664984,1024,0.0003,-0.007802744396030903,258.11,0.22002781000000002
264192,258,4754,55,0.012939453125,0.2,0.0014911084217601456,0.0026022387,0.8331124186515808,-1.0048527009785175,-0.0020019959629280493,1028,0.0003,-0.01553373970091343,253.07,0.23602781
265216,259,4757,55,0.023681640625,0.2,0.004150966735323891,0.0057168636,0.7656590938568115,-1.1341332495212555,-0.0007213875942397863,1032,0.0003,-0.011882241815328598,255.11,0.22836114999999998
266240,260,4760,55,0.013916015625,0.2,0.004322647670051083,0.003161625,0.6665464639663696,-1.1219235062599182,-0.00105502171209082,1036,0.0003,-0.007257255259901285,250.25,0.24386115
267264,261,4763,56,0.0048828125,0.2,0.0032084384583868086,0.0013476999,0.6884101629257202,-1.179741583764553,-0.0011437203211244196,1040,0.0003,-0.015525412745773792,254.72,0.22944448
268288,262,4766,56,0.0224609375,0.2,0.0004740636213682592,0.00649351,0.8789684772491455,-1.1349925473332405,-0.0033178128069266677,1044,0.0003,-0.016201533377170563,252.09,0.23675003000000003
269312,263,4770,56,0.032958984375,0.2,0.008325943868840113,0.0045778584,0.5473251938819885,-1.178304247558117,-0.001163057197118178,1048,0.0003,-0.004274175968021154,247.27,0.25213892000000004
270336,264,4773,56,0.0,0.2,0.004263301510945894,0.0015100741,0.6279149055480957,-1.1510306522250175,-0.000712195280357264,1052,0.0003,-0.01139364019036293,244.49,0.26086114000000005
271360,265,4775,56,0.033935546875,0.2,0.003138842701446265,0.004120195,0.4337656497955322,-1.243985652923584,-0.0011593051422096323,1056,0.0003,-0.015109295025467873,246.17,0.25619446
272384,266,4778,56,0.0,0.2,0.0037108474207343534,0.0004765357,0.6296559572219849,-1.2682642191648483,-0.001129877520725131,1060,0.0003,-0.015471212565898895,245.33,0.25952779
273408,267,4781,57,0.053955078125,0.2,0.002243127572000958,0.0014392771,0.873725175857544,-1.2503556609153748,-0.0021302919485606253,1064,0.0003,-0.019102733582258224,240.7,0.2753889
274432,268,4784,57,0.00634765625,0.2,0.00359611411113292,0.0024905337,0.7370715141296387,-1.1689938008785248,-0.00219747272785753,1068,0.0003,-0.014158586971461773,236.69,0.28852779
275456,269,4787,57,0.02294921875,0.2,0.004579252432449721,0.009312562,0.6000192165374756,-1.170857273042202,-0.002356598823098466,1072,0.0003,-0.009487747214734554,234.23,0.29536113
276480,270,4789,57,0.091552734375,0.2,0.003328641250845976,0.012419032,0.6544284224510193,-0.9912608191370964,-0.003703985785250552,1076,0.0003,-0.012721234932541847,233.06,0.29961113000000006
277504,271,4791,57,0.060302734375,0.2,0.0006118396140664117,0.0015960233,0.7134699821472168,-1.014719694852829,-0.002541691152146086,1080,0.0003,-0.013388754799962044,236.08,0.29022224
278528,272,4794,58,0.0,0.2,0.0006053668257663958,0.0008444004,0.5943847894668579,-0.9097195118665695,-0.0005938285612501204,1084,0.0003,-0.0077250064350664616,239.22,0.27950000999999997
279552,273,4797,58,0.025390625,0.2,0.002314819867024198,0.00440767,0.7683128714561462,-0.9391077794134617,-0.0015773402410559356,1088,0.0003,-0.02696259506046772,239.22,0.27950000999999997
280576,274,4800,58,0.063232421875,0.2,0.0003649479531304678,0.0053511313,0.7489498853683472,-0.9310997202992439,-0.004980639758286998,1092,0.0003,-0.008832214400172234,242.28,0.27000000999999996
281600,275,4803,58,0.04296875,0.2,0.0007336670241784304,0.0034827534,0.5649897456169128,-0.98115424066782,-0.0011419415241107345,1096,0.0003,-0.013081716373562813,241.0,0.27355556
282624,276,4806,58,0.000732421875,0.2,0.005040785865276121,0.00088659825,0.7967211008071899,-0.8756334073841572,-0.0007378512236755341,1100,0.0003,-0.011765772476792336,236.25,0.28775
283648,277,4809,58,0.0166015625,0.2,0.002802056071232073,0.001770947,0.8240705728530884,-0.9842209108173847,-0.0005295147420838475,1104,0.0003,-0.013795684091746807,236.77,0.28530555
284672,278,4812,59,0.036376953125,0.2,0.0012394755249260925,0.0013740596,0.9158709645271301,-1.1047705188393593,-0.001723954570479691,1108,0.0003,-0.013418851420283318,231.73,0.30230555000000003
285696,279,4815,59,0.03759765625,0.2,0.005311405824613757,0.005086521,0.6441845893859863,-0.9220187216997147,-0.0027394122444093227,1112,0.0003,-0.014563383534550667,226.52,0.31877775999999997
286720,280,4818,59,0.0185546875,0.2,0.0035519664670573547,0.0032240143,0.8313232660293579,-0.9408986307680607,-0.00043891684617847204,1116,0.0003,-0.0172780379652977,229.11,0.31158331000000006
287744,281,4821,59,0.03076171875,0.2,0.0016085125025711022,0.005814407,0.8289245963096619,-1.0036004856228828,-0.0012086605420336127,1120,0.0003,-0.008788908831775188,231.27,0.30558331000000005
288768,282,4824,59,0.0576171875,0.2,0.0021653339281328954,0.00869213,0.7447271347045898,-1.085565771907568,-0.001702284294879064,1124,0.0003,-0.02099887654185295,233.14,0.30138887
289792,283,4826,60,0.00439453125,0.2,0.0014175995529512875,0.002577885,0.921747624874115,-1.155054971575737,-0.0016641875845380127,1128,0.0003,-0.01762290485203266,228.7,0.31572219999999995
290816,284,4829,60,0.010498046875,0.2,0.0014944352151360363,0.0042836703,0.9158637523651123,-1.1372406780719757,-0.0018494709947844967,1132,0.0003,-0.02024766243994236,227.16,0.32199997999999996
291840,285,4832,60,0.007080078125,0.2,0.0024174338395823725,0.002521698,0.7433454394340515,-0.9853076450526714,-0.0008162301455740817,1136,0.0003,-0.016405366361141205,232.71,0.30458332
292864,286,4834,60,0.04052734375,0.2,0.0008255851389549207,0.0021964912,0.9248874187469482,-1.008052408695221,-0.004334864555858076,1140,0.0003,-0.008341804146766663,237.44,0.29044443999999997
293888,287,4837,60,0.075439453125,0.2,0.002559435488365125,0.0034236335,0.8412780165672302,-1.1746043041348457,-0.0032740615715738386,1144,0.0003,-0.018408000469207764,230.63,0.3123611
294912,288,4840,60,0.02978515625,0.2,0.005310796404955909,0.0048063262,0.7007363438606262,-1.1671462655067444,-0.0028068026003893465,1148,0.0003,-0.025687579065561295,229.87,0.31447221000000003
295936,289,4842,61,0.002685546875,0.2,0.003455176622082945,0.0032363262,0.5943916440010071,-1.0162759497761726,-0.0023057253565639257,1152,0.0003,-0.016003239899873734,234.64,0.29922221
296960,290,4845,61,0.01708984375,0.2,0.004597492341417819,0.0064325016,0.708278238773346,-1.047633457928896,-0.002402429294306785,1156,0.0003,-0.00282840128056705,231.0,0.31133331999999997
297984,291,4847,61,0.0,0.2,0.008548714744392782,0.0005962129,0.7539812922477722,-0.906832866370678,-0.0007937832269817591,1160,0.0003,-0.0059835035353899,228.98,0.31694442999999994
299008,292,4849,61,0.009521484375,0.2,0.004860264132730663,0.002273592,0.762895405292511,-0.991921279579401,-0.0014445100969169289,1164,0.0003,-0.021234681829810143,225.12,0.33066665
300032,293,4852,61,0.0087890625,0.2,0.0036149774241494015,0.0018989777,0.8556554913520813,-0.9586748108267784,-0.0008929973118938506,1168,0.0003,-0.005827347747981548,217.61,0.35552775999999997
301056,294,4854,62,0.109375,0.2,0.003608538754633628,0.016097728,0.8186168670654297,-1.054919060319662,-0.004870420088991523,1172,0.0003,0.00010335980914533138,216.36,0.35999998000000005
302080,295,4856,62,0.028564453125,0.2,0.0012540969109977596,0.002408759,0.9266831278800964,-0.9595390520989895,-0.001012061518849805,1176,0.0003,0.0016915918095037341,216.36,0.35999998000000005
303104,296,4858,62,0.006591796875,0.2,0.001558195406687446,0.0037398364,0.8667206168174744,-0.9727651700377464,-0.0009767789451871067,1180,0.0003,-0.018451090902090073,215.9,0.36227777000000005
304128,297,4860,62,0.019287109375,0.2,0.003947235542000271,0.006265387,0.7980186939239502,-1.166675142943859,-0.0014581790019292384,1184,0.0003,-0.0072955661453306675,219.92,0.35011109999999995
305152,298,4862,62,0.01904296875,0.2,0.002067159402940888,0.0060762684,0.8249926567077637,-1.3268460035324097,-0.0014951401681173593,1188,0.0003,-0.008995267562568188,219.02,0.35361109999999996
306176,299,4865,62,0.064697265625,0.2,0.0007587556738144485,0.006684739,0.8653544783592224,-1.2663144618272781,-0.0059719717828556895,1192,0.0003,-0.019761713221669197,219.43,0.35247221
307200,300,4866,63,0.0,0.2,0.003489258495392278,0.00015252357,0.7422508001327515,-1.2964696064591408,-6.28748384770006e-05,1196,0.0003,-0.013777023181319237,219.49,0.35130555999999996
308224,301,4869,63,0.010009765625,0.2,0.005739149171859026,0.0040747053,0.718759298324585,-1.2161296531558037,-0.002126687759300694,1200,0.0003,-0.005194020923227072,217.76,0.35511112000000006
309248,302,4871,63,0.049072265625,0.2,0.0034123246441595256,0.009123316,0.8058184385299683,-1.2996328845620155,-0.002807256008964032,1204,0.0003,-0.017885327339172363,216.65,0.3581944500000001
310272,303,4873,63,0.087158203125,0.2,0.001154174988187151,0.009712581,0.9437260627746582,-1.1348343566060066,-0.007509862422011793,1208,0.0003,-0.02052762731909752,213.94,0.36672223000000004
311296,304,4876,63,0.026611328125,0.2,0.0035760859755100682,0.00393315,0.8136909008026123,-1.1374732330441475,-0.0005208812799537554,1212,0.0003,-0.012050735764205456,213.36,0.36733333
312320,305,4878,64,0.0,0.2,0.0029576626111520454,0.00061117153,0.811564564704895,-1.1356728002429008,-0.0007732276571914554,1216,0.0003,-0.013696043752133846,216.86,0.35561110999999995
313344,306,4880,64,0.017822265625,0.2,0.0009210191747115459,0.0031406796,0.8159468173980713,-1.032396413385868,-0.003211519360775128,1220,0.0003,-0.020370034500956535,210.78,0.3744999899999999
314368,307,4881,64,0.013916015625,0.2,0.004426493847859092,0.0055281753,0.8252067565917969,-1.018109455704689,-0.0020224217732902616,1224,0.0003,-0.01932826079428196,209.43,0.37824997999999993
315392,308,4883,64,0.039306640625,0.2,0.001272960907954257,0.0057855723,0.9481025338172913,-1.0479877442121506,-0.0021568074880633503,1228,0.0003,-0.016041476279497147,212.78,0.36694443000000004
316416,309,4884,64,0.034912109375,0.2,0.0012703385400527623,0.0066454764,0.9333542585372925,-0.9756875596940517,-0.001906882127514109,1232,0.0003,-0.006580013781785965,212.76,0.36700001
317440,310,4886,64,0.0205078125,0.2,0.006181266187923029,0.0017841322,0.559661328792572,-1.0886317677795887,-0.0019546201510820538,1236,0.0003,-0.009732361882925034,209.67,0.37658333
318464,311,4888,65,0.01171875,0.2,0.005803902196930721,0.0030095323,0.5956422090530396,-0.8941773176193237,-0.00040629334398545325,1240,0.0003,0.005332577042281628,214.35,0.3625833299999999
319488,312,4890,65,0.0322265625,0.2,0.0010427192100905813,0.0032292982,0.77748042345047,-0.9020225144922733,-0.0012391463096719235,1244,0.0003,-0.011431613005697727,221.73,0.33808333000000007
320512,313,4891,65,0.029541015625,0.2,0.0005878542851860402,0.006099093,0.9393602013587952,-1.0019149407744408,-0.000722340468200855,1248,0.0003,-0.015665581449866295,223.75,0.33247222
321536,314,4893,65,0.031494140625,0.2,0.0018635805463418365,0.0037021495,0.8340579271316528,-1.2058144733309746,-0.0036015243676956743,1252,0.0003,-0.01777634583413601,223.26,0.33483332
322560,315,4896,65,0.008544921875,0.2,0.0015582016058033332,0.002584107,0.6871520280838013,-1.0468677282333374,-0.002485351651557721,1256,0.0003,-0.013856344856321812,230.33,0.31419443999999996
323584,316,4897,66,0.06201171875,0.2,0.0012703307147603482,0.0076117734,0.5968374013900757,-0.980164423584938,-0.003900947835063562,1260,0.0003,-0.03041696920990944,232.57,0.30597220999999997
324608,317,4899,66,0.0458984375,0.2,0.000754526936361799,0.0013060353,0.8544495701789856,-1.1198184937238693,-0.0033432484488002956,1264,0.0003,-0.009093543514609337,231.1,0.31005555
325632,318,4900,66,0.032470703125,0.2,0.004875175218330696,0.005569143,0.659475564956665,-1.123501293361187,-0.0006790331681258976,1268,0.0003,-0.01836000382900238,228.74,0.3186111
326656,319,4902,66,0.092529296875,0.2,0.003646071781986393,0.009053658,0.7490688562393188,-1.1817281246185303,-0.0015394816873595119,1272,0.0003,-0.023705286905169487,232.03,0.30947222
327680,320,4903,66,0.018798828125,0.2,0.001622132105694618,0.0038189702,0.8185880184173584,-1.0084024220705032,-0.0021244754607323557,1276,0.0003,-0.01622002199292183,229.42,0.31572223
328704,321,4904,67,0.017822265625,0.2,0.002879176798160188,0.004856535,0.740487813949585,-1.1621330231428146,-0.000681942230585264,1280,0.0003,-0.01215579453855753,226.35,0.32625001
329728,322,4905,67,0.0361328125,0.2,0.004908798087853938,0.006194991,0.566740870475769,-1.3388190641999245,-0.0017123191501013935,1284,0.0003,-0.013465456664562225,231.6,0.31066667000000003
330752,323,4906,67,0.021728515625,0.2,0.001182835127110593,0.006036303,0.6693894863128662,-1.3966634646058083,-0.0005621760356007144,1288,0.0003,-0.016904395073652267,232.89,0.30708334
331776,324,4907,67,0.0654296875,0.2,0.004366984445368871,0.0074913325,0.7824893593788147,-1.2259213402867317,-0.0027621346816886216,1292,0.0003,-0.019392259418964386,231.18,0.31283333999999996
332800,325,4909,67,0.005615234375,0.2,0.00346820212143939,0.0015838903,0.8614175915718079,-1.225311540067196,-0.0016185786807909608,1296,0.0003,-0.012922687456011772,229.86,0.3175
333824,326,4911,67,0.015625,0.2,0.005498456579516642,0.006092084,0.46656787395477295,-1.2109638005495071,-0.0020467992580961436,1300,0.0003,-0.005704487673938274,231.05,0.31319446
334848,327,4913,68,0.005126953125,0.2,0.0024281222504214384,0.0015553092,0.8351969718933105,-1.145834133028984,-0.000353300929418765,1304,0.0003,-0.0126293133944273,225.68,0.33011113000000003
335872,328,4915,68,0.033935546875,0.2,0.0015077065327204764,0.0063742716,0.9433486461639404,-1.1501618474721909,-0.0015699048817623407,1308,0.0003,-0.01971563510596752,227.61,0.32375002
336896,329,4917,68,0.014404296875,0.2,0.005135328916367143,0.0060961195,0.8016570806503296,-1.1914655789732933,-0.0018313559412490577,1312,0.0003,-0.011487070471048355,230.62,0.31438892
337920,330,4918,68,0.048583984375,0.2,0.0021346097673813347,0.007983681,0.9007634520530701,-1.3504933789372444,-0.0024851984198903665,1316,0.0003,-0.025843385607004166,230.55,0.31558336
338944,331,4919,68,0.0361328125,0.2,0.0021441357966978103,0.007128368,0.776951789855957,-1.378196194767952,-0.0028169109718874097,1320,0.0003,-0.020247437059879303,233.27,0.3060278
339968,332,4920,69,0.002197265625,0.2,0.00039281355475395685,0.0035696873,0.8910214304924011,-1.4814455136656761,-0.0032178150140680373,1324,0.0003,-0.009167695418000221,234.85,0.3006389
340992,333,4921,69,0.031494140625,0.2,0.0013328473614819814,0.007272957,0.8121651411056519,-1.349587008357048,-0.0021059392020106316,1328,0.0003,-0.01706983521580696,236.85,0.29508334999999997
342016,334,4922,69,0.0,0.2,0.0031510172193520702,0.0009197994,0.8180931210517883,-1.512068085372448,-0.0010577717039268464,1332,0.0003,-0.016741694882512093,232.39,0.30847224000000006
343040,335,4923,69,0.0,0.2,0.003764627515920438,0.0016199849,0.7368631958961487,-1.2860303446650505,-0.001006454898742959,1336,0.0003,-0.012256374582648277,234.49,0.30263891
344064,336,4925,69,0.012939453125,0.2,0.0004518235064097098,0.004575476,0.9493407607078552,-1.3605538681149483,-0.003222500381525606,1340,0.0003,-0.01792145147919655,226.62,0.32550002
345088,337,4926,70,0.00634765625,0.2,0.010843278025276959,0.0031890883,0.6278644800186157,-1.216297410428524,-0.00042935882811434567,1344,0.0003,-0.013972904533147812,225.42,0.32783334
346112,338,4927,70,0.059814453125,0.2,0.0038618623148067854,0.0047083446,0.6314936876296997,-1.0121287070214748,-0.0017180825816467404,1348,0.0003,-0.013626021333038807,219.17,0.34819445000000004
347136,339,4928,70,0.006591796875,0.2,0.0015425977944687475,0.0044106822,0.957464873790741,-1.0124834440648556,-0.0013776799314655364,1352,0.0003,-0.01585828885436058,221.23,0.34147223000000004
348160,340,4930,70,0.04248046875,0.2,0.002725227073824499,0.0073158825,0.8593344688415527,-1.1086858287453651,-0.0017235346895176917,1356,0.0003,-0.004103751387447119,222.61,0.3356388800000001
349184,341,4932,70,0.042724609375,0.2,0.0032126873775268905,0.006165901,0.7744522094726562,-0.7864060737192631,-0.001697586674708873,1360,0.0003,-0.00506936851888895,221.35,0.33913887
350208,342,4934,70,0.06591796875,0.2,0.0021792916959384456,0.005226411,0.7900487184524536,-0.6107323728501797,-0.006473439309047535,1364,0.0003,-0.012964854948222637,225.07,0.32780552999999996
351232,343,4936,71,0.012939453125,0.2,0.0013875284021196421,0.0011774317,0.9305293560028076,-0.8469196371734142,-0.00040113067370839417,1368,0.0003,-0.013230863958597183,225.49,0.32563887
352256,344,4938,71,0.048583984375,0.2,0.0024754696132731624,0.0020376053,0.8628020286560059,-0.8024898394942284,-0.00376594508998096,1372,0.0003,-0.01607663370668888,223.65,0.33274998000000006
353280,345,4940,71,0.032958984375,0.2,0.002217171815573238,0.0051013776,0.8517233729362488,-1.02026754245162,-0.000922585284570232,1376,0.0003,-0.011748246848583221,221.9,0.33761109
354304,346,4941,71,0.02197265625,0.2,0.005285850435029715,0.0064042932,0.5939170122146606,-1.0843817591667175,-0.0011475459905341268,1380,0.0003,-0.004893423058092594,227.02,0.32238887
355328,347,4943,71,0.030517578125,0.2,0.0015952688627294265,0.0056416425,0.7991760969161987,-1.2463997229933739,-0.004932836993248202,1384,0.0003,-0.018394632264971733,226.47,0.32291664999999997
356352,348,4945,72,0.0009765625,0.2,0.0037128306867089123,0.0014890492,0.7709692716598511,-1.3194280564785004,-9.026756742969155e-05,1388,0.0003,-0.014825362712144852,227.14,0.32005553999999997
357376,349,4947,72,0.00537109375,0.2,0.0033339157671434805,0.00379903,0.8612136840820312,-1.0807696133852005,-0.0008471945184282959,1392,0.0003,-0.013688205741345882,227.03,0.32036108999999996
358400,350,4949,72,0.01416015625,0.2,0.0043796614481834695,0.004583096,0.7756384611129761,-0.9611670337617397,-0.0012476423871703446,1396,0.0003,-0.014238063246011734,228.16,0.3162222
359424,351,4950,72,0.034423828125,0.2,0.0008294132494484074,0.0061087925,0.9078702926635742,-1.1617958396673203,-0.001835913717513904,1400,0.0003,-0.013655755668878555,229.94,0.31027775
360448,352,4952,72,0.055908203125,0.2,0.001430481865099864,0.01012039,0.8694685697555542,-1.2439094930887222,-0.002288792806211859,1404,0.0003,-0.015470313839614391,229.85,0.31052775
361472,353,4954,72,0.08935546875,0.2,0.003880619304254651,0.00428531,0.7476376891136169,-1.2179831117391586,-0.0001465909881517291,1408,0.0003,-0.011478278785943985,229.85,0.31052775000000005
362496,354,4955,73,0.006103515625,0.2,0.0003935871791327372,0.0038231534,0.9303730130195618,-0.9780304990708828,-0.0016845560166984797,1412,0.0003,-0.020907465368509293,227.35,0.3184722
363520,355,4957,73,0.08642578125,0.2,0.005071046558441594,0.012545947,0.6583849787712097,-0.8082357309758663,-0.004008589574368671,1416,0.0003,-0.015462485142052174,225.41,0.32386108999999996
364544,356,4959,73,0.010009765625,0.2,0.004200006034807302,0.0022472637,0.8515856266021729,-0.8478946760296822,-0.0009185136295855045,1420,0.0003,-0.009571853093802929,221.6,0.33444442
365568,357,4961,73,0.055908203125,0.2,0.0019427544393693097,0.007059398,0.9185728430747986,-1.0042580291628838,-0.0015600929909851402,1424,0.0003,-0.005822485312819481,223.94,0.32694442
366592,358,4962,73,0.0048828125,0.2,0.00454178565996699,0.0016181823,0.6873481273651123,-0.96312615275383,-0.0014966758899390697,1428,0.0003,-0.015220421366393566,225.29,0.32219442
367616,359,4964,74,0.0009765625,0.2,0.0022162814493640326,0.00063429447,0.8462635278701782,-0.7772621177136898,-0.0018585017533041537,1432,0.0003,-0.015401923097670078,221.23,0.33447221
368640,360,4966,74,0.0,0.2,0.006722836405970156,0.00047028885,0.5678777694702148,-0.7408955730497837,-0.0015651071444153786,1436,0.0003,-0.006274358369410038,224.24,0.32511110000000004
369664,361,4968,74,0.014404296875,0.2,0.002458768809447065,0.0041887877,0.8435484766960144,-1.0429461002349854,-0.001324534765444696,1440,0.0003,-0.015081961639225483,221.23,0.33447221
370688,362,4969,74,0.003662109375,0.2,0.00174627914748271,0.0018876442,0.9036673307418823,-1.0219870060682297,-0.0002550276694819331,1444,0.0003,-0.015393419191241264,224.2,0.32522222
371712,363,4969,74,0.01953125,0.2,0.004225149983540177,0.0020190808,0.7813513875007629,-1.1636620461940765,-0.0022302441066130996,1448,0.0003,-0.01240498200058937,221.58,0.3345
372736,364,4970,74,0.07177734375,0.2,0.002727005004999228,0.007473715,0.9096068143844604,-1.161046527326107,-0.000812558108009398,1452,0.0003,-0.007375911343842745,218.08,0.34622222
373760,365,4971,75,0.04541015625,0.2,0.0051229416858404875,0.0051810956,0.716600239276886,-1.1875608786940575,-0.0023175202077254653,1456,0.0003,-0.009407034143805504,217.91,0.34669444
374784,366,4972,75,0.052001953125,0.2,0.004202846059342846,0.0106676845,0.6554064750671387,-1.3133451715111732,-0.003282576217316091,1460,0.0003,-0.033247675746679306,217.44,0.349
375808,367,4973,75,0.064697265625,0.2,0.003231878399674315,0.008799506,0.42176687717437744,-1.2985088154673576,-0.001830209032050334,1464,0.0003,-0.018899602815508842,213.91,0.3618055600000001
376832,368,4975,75,0.06787109375,0.2,0.0031449505186174065,0.005913268,0.8108359575271606,-1.06153779104352,-0.004672477167332545,1468,0.0003,-0.014476653188467026,211.41,0.36975
377856,369,4976,75,0.005126953125,0.2,0.005581349571002647,0.0009447881,0.7182055711746216,-1.1018774956464767,-0.0007957708003232256,1472,0.0003,-0.011357571929693222,213.82,0.36305556000000005
378880,370,4977,76,0.03173828125,0.2,0.0007128448796720477,0.0044707716,0.8636829853057861,-1.076179563999176,-0.003322435251902789,1476,0.0003,-0.0205696951597929,215.9,0.35627778000000004
379904,371,4979,76,0.0283203125,0.2,0.0012459086938179098,0.00685414,0.9226416349411011,-1.119352325797081,-0.0011254408018430695,1480,0.0003,-0.017510108649730682,217.64,0.3514444499999999
380928,372,4980,76,0.13916015625,0.2,0.001567686500493437,0.01070052,0.934363067150116,-1.1434989273548126,-0.00828862602065783,1484,0.0003,-0.015008460730314255,217.64,0.35144444999999996
381952,373,4982,76,0.010498046875,0.2,0.0006195318455866072,0.0020797583,0.9485086798667908,-1.1171598434448242,-0.0005334097077138722,1488,0.0003,-0.01420530490577221,218.0,0.35044445
382976,374,4983,76,0.030029296875,0.2,0.0034738319664029405,0.0056421906,0.7351034283638,-1.0424410812556744,-0.003369108249899,1492,0.0003,-0.011354002170264721,207.55,0.38347222000000003
384000,375,4985,77,0.0009765625,0.2,0.011994351778412238,0.002409765,0.5672348737716675,-1.163499154150486,-0.0019673529895953834,1496,0.0003,-0.017529994249343872,203.58,0.39649999999999996
385024,376,4985,77,0.001708984375,0.2,0.004133985596126877,0.0022531915,0.7121356725692749,-1.3157381191849709,-0.0018140879110433161,1500,0.0003,-0.011613082140684128,210.4,0.37655555999999996
386048,377,4986,77,0.028564453125,0.2,0.006163096375530586,0.004725032,0.5600983500480652,-1.2463118508458138,-0.0037791963841300458,1504,0.0003,-0.024616722017526627,205.44,0.39333334000000003
387072,378,4987,77,0.005126953125,0.2,0.0042281881760573015,0.0029307925,0.8209919929504395,-1.2053957134485245,-0.002676157688256353,1508,0.0003,-0.016705408692359924,206.63,0.39002779
388096,379,4987,77,0.0517578125,0.2,0.0010931457691185642,0.006524467,0.9508808255195618,-1.0482386909425259,-0.004155773145612329,1512,0.0003,-0.020421728491783142,208.49,0.38386112000000006
389120,380,4987,78,0.01220703125,0.2,0.0009349829779239371,0.00061306404,0.8634418249130249,-1.1354731693863869,-1.038936898112297e-05,1516,0.0003,-0.011398475617170334,205.82,0.39227778999999996
390144,381,4986,78,0.005615234375,0.2,0.005707452422939241,0.002458872,0.621727466583252,-1.1984487399458885,-0.0012683782551903278,1520,0.0003,-0.012313432060182095,211.6,0.37322223
391168,382,4986,78,0.072265625,0.2,0.0022997144478722475,0.0042520585,0.8476092219352722,-1.14189513027668,-0.003112720383796841,1524,0.0003,-0.020289311185479164,208.65,0.38441668000000007
392192,383,4986,78,0.039794921875,0.2,0.0015196724270936102,0.0075275227,0.8967888951301575,-1.1505957543849945,-0.0014842338277958333,1528,0.0003,-0.019245093688368797,207.54,0.38650000999999995
393216,384,4890,80,0.005615234375,0.2,0.00618237690650858,0.0024808305,0.7124089598655701,-1.0406832322478294,-0.0023376300232484937,1532,0.0003,-0.005288724787533283,210.65,0.37686112
394240,385,4892,80,0.054443359375,0.2,0.00198267513042083,0.009805627,0.8567319512367249,-1.055718768388033,-0.0024379379756283015,1536,0.0003,-0.015887480229139328,210.56,0.3751111100000001
395264,386,4892,80,0.00048828125,0.2,0.0022865723294671625,0.0010374757,0.8801820278167725,-0.9597924537956715,-0.0006538782909046859,1540,0.0003,-0.01016516424715519,210.6,0.37400000999999994
396288,387,4894,80,0.03125,0.2,0.005047923608799465,0.006057394,0.7655484080314636,-0.9751799218356609,-0.0009685919212643057,1544,0.0003,-0.006463407538831234,210.15,0.37225001999999996
397312,388,4895,81,0.044677734375,0.2,0.006423100538086146,0.008458793,0.801400363445282,-0.8108370676636696,-0.003110459540039301,1548,0.0003,-0.011553488671779633,207.52,0.38055557
398336,389,4897,81,0.02880859375,0.2,0.003222622210159898,0.0025195081,0.7733862996101379,-0.8960009999573231,-0.0010859496833290905,1552,0.0003,-0.007515150122344494,214.73,0.35752779
399360,390,4898,81,0.00048828125,0.2,0.0008920362542994553,0.00087712443,0.9210175275802612,-0.8964365422725677,-0.0014328645338537171,1556,0.0003,-0.010898450389504433,214.36,0.35955557000000005
400384,391,4899,81,0.017578125,0.2,0.001517936685559107,0.0021798464,0.8104188442230225,-0.7829029522836208,-0.001671500547672622,1560,0.0003,-0.015313172712922096,209.93,0.37486112
401408,392,4901,81,0.014404296875,0.2,0.0031810204382054508,0.004468431,0.7318633794784546,-0.6603969633579254,-0.0014193265815265477,1564,0.0003,-0.009358398616313934,212.1,0.36883334000000007
402432,393,4902,82,0.031982421875,0.2,0.0012597877575899474,0.005376674,0.899211585521698,-0.8748326972126961,-0.0015935085830278695,1568,0.0003,-0.014390967786312103,213.25,0.3646389
403456,394,4902,82,0.060546875,0.2,0.0008229962695622817,0.006708756,0.8604900240898132,-1.0193486586213112,-0.0029560115071944892,1572,0.0003,-0.011831286363303661,210.46,0.3743889
404480,395,4904,82,0.00927734375,0.2,0.006426993480999954,0.0044060326,0.4269331097602844,-1.0690569803118706,-0.000708175211912021,1576,0.0003,-0.0026439656503498554,211.9,0.37038891
405504,396,4904,82,0.020751953125,0.2,0.0020220167280058376,0.004966951,0.6769043207168579,-1.0720547288656235,-0.0021379770478233695,1580,0.0003,-0.015507163479924202,216.14,0.35761114
406528,397,4905,82,0.004638671875,0.2,0.0042126789630856365,0.002636144,0.5880210995674133,-1.0653237327933311,-0.0007154978811740875,1584,0.0003,-0.017641693353652954,220.38,0.3448333699999999
407552,398,4906,83,0.04833984375,0.2,0.0030468421755358577,0.009395318,0.70735764503479,-1.1397201716899872,-0.0026481271779630333,1588,0.0003,-0.009514237754046917,219.43,0.34747225
408576,399,4908,83,0.001708984375,0.2,0.002711175700824242,0.0011202248,0.8476653695106506,-1.0625283047556877,-0.0012751173344440758,1592,0.0003,-0.010552710853517056,224.23,0.33313890999999995
409600,400,4909,83,0.079833984375,0.2,0.0010917739709839225,0.0059409067,0.8999643921852112,-0.9973409175872803,-0.005212253832723945,1596,0.0003,-0.020319217815995216,225.75,0.32791669000000007
410624,401,4911,83,0.060546875,0.2,0.0006878840122226393,0.0075066388,0.941755473613739,-1.018610268831253,-0.0026302949409000576,1600,0.0003,-0.008062746375799179,222.58,0.33872225000000006
411648,402,4913,83,0.1376953125,0.2,0.0027961205851170234,0.006648302,0.757778525352478,-1.1584996432065964,-0.008087973954388872,1604,0.0003,-0.028254617005586624,219.93,0.3470833600000001
412672,403,4914,83,0.014892578125,0.2,0.003842109232209623,0.004920344,0.8296821117401123,-1.2040811330080032,-0.0010288770718034357,1608,0.0003,-0.014901047572493553,216.19,0.35847224999999994
413696,404,4915,84,0.077392578125,0.2,0.00467190524796024,0.011572171,0.7315400838851929,-1.115786388516426,-0.0017446890415158123,1612,0.0003,-0.014011240564286709,217.88,0.35277781
414720,405,4917,84,0.152587890625,0.2,0.005234698430285789,0.005752379,0.6720927357673645,-1.2142556980252266,-0.004847073520068079,1616,0.0003,-0.008802119642496109,217.46,0.35494448
415744,406,4918,84,0.00048828125,0.2,0.004475729409023188,0.0012523807,0.7965870499610901,-1.2103631272912025,-0.0003781563718803227,1620,0.0003,-0.01237349770963192,217.5,0.35683338
416768,407,4920,84,0.0048828125,0.2,0.004468037543119863,0.0026656534,0.7580466866493225,-1.1950453147292137,-0.0011606983025558293,1624,0.0003,-0.020179294049739838,212.71,0.37213893
417792,408,4921,84,0.03271484375,0.2,0.0036074879171792418,0.0076519167,0.7322694659233093,-1.298635557293892,-0.0017860818334156647,1628,0.0003,-0.005822233855724335,214.43,0.3683611400000001
418816,409,4923,85,0.02392578125,0.2,0.00644149151048623,0.0029136792,0.6107836961746216,-1.2016090005636215,-0.0010341901797801256,1632,0.0003,-0.01284303329885006,212.08,0.37588891999999996
419840,410,4924,85,0.225830078125,0.2,0.003262744561652653,0.014036527,0.8123602867126465,-1.2738177552819252,-0.006313241348834708,1636,0.0003,-0.021723724901676178,210.05,0.3825278100000001
420864,411,4925,85,0.0673828125,0.2,0.0025845269847195596,0.0033077998,0.5959815979003906,-1.3025535345077515,-0.003463516302872449,1640,0.0003,-0.016549181193113327,207.57,0.39041669
421888,412,4927,85,0.032470703125,0.2,0.0019845437418553047,0.008540946,0.7533387541770935,-1.1652113273739815,-0.003512861905619502,1644,0.0003,-0.017186475917696953,211.08,0.37966669000000003
422912,413,4929,85,0.08154296875,0.2,0.001093304825189989,0.0055445563,0.8287303447723389,-1.099643126130104,-0.0020166418835287914,1648,0.0003,-0.009595619514584541,210.48,0.38133336000000007
423936,414,4930,85,0.01806640625,0.2,0.002231092090369202,0.0039720004,0.8293397426605225,-1.0317204929888248,-0.001161028485512361,1652,0.0003,-0.01548313070088625,209.67,0.38358335
424960,415,4932,86,0.0,0.2,0.002280860659084283,0.0007760455,0.8848937153816223,-1.2387666553258896,-0.0003687125281430781,1656,0.0003,-0.011307976208627224,209.72,0.38344447000000004
425984,416,4933,86,0.00146484375,0.2,0.0017168972917716019,0.0016690451,0.8155882358551025,-1.1358856856822968,-0.0011048029991798103,1660,0.0003,-0.013608584180474281,215.04,0.36566668
427008,417,4935,86,0.049560546875,0.2,0.002202523552114144,0.005384594,0.8296580910682678,-1.2825971320271492,-0.0014316569722723216,1664,0.0003,-0.01883031614124775,212.08,0.37388889999999997
428032,418,4937,86,0.02099609375,0.2,0.0038246694748522714,0.0047927364,0.5406278967857361,-1.435905322432518,-0.0024139582237694412,1668,0.0003,-0.019426319748163223,211.74,0.37583334
429056,419,4938,86,0.0322265625,0.2,0.002010304306168109,0.00439173,0.894401490688324,-1.244387000799179,-0.003622495074523613,1672,0.0003,-0.016052044928073883,215.37,0.3637500200000001
430080,420,4940,87,0.041015625,0.2,0.001373236082145013,0.0072403727,0.9269821643829346,-1.236548237502575,-0.0029906115669291466,1676,0.0003,-0.006923422683030367,212.29,0.37330558
431104,421,4942,87,0.05908203125,0.2,0.0012995570541534107,0.008738617,0.875686526298523,-1.1989639028906822,-0.002445306396111846,1680,0.0003,-0.009450356476008892,211.85,0.3745278
432128,422,4943,87,0.060546875,0.2,0.000831307472253684,0.0074346345,0.8920963406562805,-1.0905366465449333,-0.005102004652144387,1684,0.0003,-0.021368850022554398,210.79,0.37747224
433152,423,4945,87,0.031005859375,0.2,0.003614522618590854,0.0035301526,0.8211967945098877,-1.0681555792689323,-0.0008215153065975755,1688,0.0003,-0.012144079431891441,212.35,0.37313889999999994
434176,424,4947,87,0.078125,0.2,0.0016025464865379035,0.009388835,0.8478440046310425,-0.9652150608599186,-0.003098511864664033,1692,0.0003,-0.015840645879507065,216.45,0.35975001
435200,425,4949,87,0.0087890625,0.2,0.004091936178156175,0.00056569546,0.7128204107284546,-1.060541182756424,0.00010668850154615939,1696,0.0003,-0.012100075371563435,213.86,0.3689444499999999
436224,426,4950,88,0.03125,0.2,0.003953549996367656,0.0035404437,0.8378432989120483,-0.8932316489517689,-0.0025610470038373023,1700,0.0003,-0.008771870285272598,213.28,0.37055556
437248,427,4952,88,0.005615234375,0.2,0.004459836985915899,0.002086828,0.6570513248443604,-0.9845403023064137,-2.051828778348863e-05,1704,0.0003,-0.009811049327254295,208.97,0.38252777000000004
438272,428,4953,88,0.01025390625,0.2,0.0037180684448685497,0.002588945,0.8279794454574585,-0.8055161014199257,-0.0013621979160234332,1708,0.0003,-0.006301447749137878,212.06,0.37194445000000004
439296,429,4954,88,0.016845703125,0.2,0.005651736413710751,0.0049971025,0.6550402641296387,-1.0272413790225983,-0.0015092780231498182,1712,0.0003,-0.010595147497951984,210.51,0.37625
440320,430,4955,88,0.000244140625,0.2,0.003263572638388723,0.000937208,0.8318360447883606,-0.9631197564303875,-0.000978764466708526,1716,0.0003,-0.012246087193489075,211.52,0.37244443000000005
441344,431,4957,89,0.000244140625,0.2,0.002068248577415943,0.0013381238,0.890458345413208,-1.1902240291237831,-0.0015579874016111717,1720,0.0003,-0.018427273258566856,209.87,0.37702776
442368,432,4958,89,0.042724609375,0.2,0.0012966939684702083,0.0093650045,0.8841866254806519,-1.198852188885212,-0.0010525084217078984,1724,0.0003,-0.02128736674785614,210.78,0.37349999000000006
443392,433,4958,89,0.0,0.2,0.0026761636363517027,0.00088959315,0.5085839033126831,-1.1365672275424004,-0.0005997823463985696,1728,0.0003,-0.011267413385212421,207.85,0.38163888
444416,434,4960,89,0.0859375,0.2,0.0036935842217644677,0.009604491,0.7522401809692383,-1.363697461783886,-0.002506410557543859,1732,0.0003,-0.015374613925814629,209.51,0.37602777
445440,435,4961,89,0.063720703125,0.2,0.001141726694186218,0.0040701316,0.8935964703559875,-1.2611535862088203,-0.005143476417288184,1736,0.0003,-0.023793324828147888,208.97,0.37852777000000004
446464,436,4963,89,0.008056640625,0.2,0.0025134407624136657,0.0022776884,0.8889551758766174,-1.1297649070620537,-0.002345504006370902,1740,0.0003,-0.02520454302430153,213.08,0.3651111
447488,437,4964,90,0.01513671875,0.2,0.0024580340686952695,0.0051044878,0.858147382736206,-1.1564087718725204,-0.0014337417087517679,1744,0.0003,-0.015832753852009773,210.64,0.37388887
448512,438,4965,90,0.011962890625,0.2,0.0029264003460411914,0.0035829342,0.7824422121047974,-1.215133935213089,-0.0013524769165087491,1748,0.0003,-0.01623082347214222,210.93,0.37208331000000006
449536,439,4967,90,0.047119140625,0.2,0.003384484283742495,0.010067856,0.8087374567985535,-1.3939566314220428,-0.0030396190413739532,1752,0.0003,-0.012893821112811565,213.09,0.36508331000000005
450560,440,4968,90,0.018310546875,0.2,0.0006224806365935365,0.005326241,0.9197602272033691,-1.40948785841465,-0.003491641749860719,1756,0.0003,-0.0225319005548954,213.06,0.36516663
451584,441,4969,90,0.058349609375,0.2,0.0007753378376946785,0.005083453,0.93634432554245,-1.416648969054222,-0.0024978380679385737,1760,0.0003,-0.013270127587020397,210.76,0.37255552000000003
452608,442,4971,91,0.102294921875,0.2,0.002596198522951454,0.008310572,0.8833873867988586,-1.3603116646409035,-0.003575209659175016,1764,0.0003,-0.02225128374993801,209.53,0.37697219
453632,443,4972,91,0.0,0.2,0.0027522646632860415,0.00070262497,0.8392882943153381,-1.4373207539319992,-0.0005294299917295575,1768,0.0003,-0.011423854157328606,210.32,0.37477773999999997
454656,444,4974,91,0.103271484375,0.2,0.002476066365488805,0.010514221,0.8070456981658936,-1.2988017052412033,-0.003933146450435743,1772,0.0003,-0.01122505683451891,212.81,0.36686108000000006
455680,445,4975,91,0.00048828125,0.2,0.0014007020618009847,0.001596583,0.7465611696243286,-1.2930679246783257,-0.0015691944572608918,1776,0.0003,-0.016170065850019455,215.22,0.35916663
456704,446,4976,91,0.0234375,0.2,0.0027817856826004572,0.0052810023,0.7985467910766602,-1.2218816205859184,-0.0014129124028841034,1780,0.0003,-0.020495690405368805,216.42,0.3558333
457728,447,4977,91,0.065185546875,0.2,0.004020900305476971,0.0076098666,0.8810893297195435,-1.2504705786705017,-0.003638351146946661,1784,0.0003,-0.017261680215597153,218.57,0.34786108000000004
458752,448,4978,92,0.004638671875,0.2,0.004690237998147495,0.0041457987,0.6805856227874756,-1.3284890577197075,-0.0011731796694220975,1788,0.0003,-0.012448418885469437,219.61,0.34397219
459776,449,4979,92,0.010498046875,0.2,0.0028662948170676827,0.0038131448,0.8676541447639465,-1.2466875910758972,-0.0013186200812924653,1792,0.0003,-0.018830208107829094,220.61,0.3431944
460800,450,4980,92,0.024658203125,0.2,0.002498930203728378,0.0047164303,0.8436818718910217,-1.2740553095936775,-0.0033979825384449214,1796,0.0003,-0.017915397882461548,219.31,0.3478055099999999
461824,451,4980,92,0.029296875,0.2,0.0032894668183871545,0.0069179507,0.8715118169784546,-1.3447686433792114,-0.0018194499716628343,1800,0.0003,-0.007184125948697329,224.13,0.3324166199999999
462848,452,4981,92,0.110107421875,0.2,0.004026275943033397,0.00736718,0.7236237525939941,-1.255004808306694,-0.004668955923989415,1804,0.0003,-0.013401515781879425,225.6,0.32833330000000005
463872,453,4982,93,0.05859375,0.2,0.0021455943133332767,0.007427742,0.8870834112167358,-1.3356076255440712,-0.00161269202362746,1808,0.0003,-0.015410173684358597,226.35,0.32524997999999994
464896,454,4984,93,0.007080078125,0.2,0.001616545458091423,0.0026833164,0.9225468039512634,-1.3236560672521591,-0.0010131131275556982,1812,0.0003,-0.019318731501698494,224.0,0.33277776
465920,455,4985,93,0.063232421875,0.2,0.0021619101680698805,0.008916815,0.8258707523345947,-1.3204200267791748,-0.005571316083660349,1816,0.0003,-0.01854560524225235,221.01,0.34208331000000003
466944,456,4985,93,0.056640625,0.2,0.0035074250627076253,0.0053184717,0.8141986727714539,-1.3848344087600708,-0.00172422977630049,1820,0.0003,-0.013815922662615776,220.61,0.34319443
467968,457,4987,93,0.033203125,0.2,0.001200129532662686,0.005726974,0.7322903871536255,-1.2474702149629593,-0.0028542332293000072,1824,0.0003,-0.013879074715077877,214.7,0.36161108999999997
468992,458,4987,94,0.07568359375,0.2,0.003874595306115225,0.00368651,0.7906690835952759,-1.295843131840229,-0.0024544046027585864,1828,0.0003,-0.02194499783217907,216.48,0.3556666499999999
470016,459,4989,94,0.016357421875,0.2,0.002614552853628993,0.0040167426,0.8363163471221924,-1.3674262464046478,-0.0023091463663149625,1832,0.0003,-0.009621087461709976,217.41,0.3530833100000001
471040,460,4989,94,0.037353515625,0.2,0.0035368567623663694,0.004120209,0.8015525937080383,-1.2832438424229622,-0.002858667285181582,1836,0.0003,-0.01858454756438732,210.88,0.37422220999999994
472064,461,4990,94,0.02880859375,0.2,0.0031525605299975723,0.008642969,0.8634902834892273,-1.2463395968079567,-0.002937463403213769,1840,0.0003,-0.0175172071903944,209.83,0.37813887
473088,462,4992,94,0.00048828125,0.2,0.004580632972647436,0.0011402176,0.7793172001838684,-1.1199058145284653,-0.00106062475242652,1844,0.0003,-0.013479772955179214,200.17,0.40697219999999995
474112,463,4993,94,0.01171875,0.2,0.008848647616105154,0.004368335,0.6951887011528015,-1.1513272374868393,-0.0020636084373109043,1848,0.0003,-0.015697674825787544,196.68,0.41866665
475136,464,4994,95,0.078857421875,0.2,0.003128773852949962,0.011599727,0.8866910934448242,-1.2562707960605621,-0.0029432747687678784,1852,0.0003,-0.01868482492864132,191.58,0.43383331
476160,465,4996,95,0.022705078125,0.2,0.003066938108531758,0.0057622558,0.828375518321991,-1.3682392910122871,-0.003268228523666039,1856,0.0003,-0.01662280410528183,193.46,0.42661108999999997
477184,466,4997,95,0.02392578125,0.2,0.0005084592576167779,0.005770721,0.9198377728462219,-1.3192478939890862,-0.002416832314338535,1860,0.0003,-0.030064687132835388,202.67,0.39802775999999995
478208,467,4998,95,0.048828125,0.2,0.0019395771596464328,0.007961877,0.850299596786499,-1.3116510808467865,-0.0026808432885445654,1864,0.0003,-0.009305058978497982,200.33,0.40552776
479232,468,5000,95,0.091796875,0.2,0.0022534858944709413,0.0039390973,0.8568280935287476,-1.431635819375515,-0.00466317730024457,1868,0.0003,-0.022067325189709663,203.51,0.39669444
480256,469,5002,96,0.008544921875,0.2,0.0021113656330271624,0.0031104288,0.7274311780929565,-1.4640497267246246,-0.0008422460814472288,1872,0.0003,-0.02769014798104763,203.54,0.39461111000000004
481280,470,5003,96,0.02294921875,0.2,0.002443928038701415,0.00969846,0.7284168004989624,-1.3937539756298065,-0.003397644526557997,1876,0.0003,-0.024212224408984184,207.14,0.38261111
482304,471,5005,96,0.018310546875,0.2,0.0021462747899931855,0.0035132214,0.7369540929794312,-1.3430040776729584,-0.0008198912546504289,1880,0.0003,-0.01242308970540762,209.28,0.37866667
483328,472,5007,96,0.07666015625,0.2,0.0023043171895551495,0.008315913,0.805559515953064,-1.2887689769268036,-0.0039771562442183495,1884,0.0003,-0.010820727795362473,210.99,0.37191666000000007
484352,473,5008,96,0.0009765625,0.2,0.001536671319627203,0.0010557423,0.9206845760345459,-1.250220663845539,-0.0015230242279358208,1888,0.0003,-0.015349393710494041,208.98,0.37849999000000006
485376,474,5010,96,0.0,0.2,0.001784551546734292,0.0011872544,0.8325762748718262,-1.227560967206955,-0.0008173461828846484,1892,0.0003,-0.015113049186766148,208.4,0.38011110000000004
486400,475,5012,97,0.00732421875,0.2,0.0033591445608180948,0.0018118741,0.7513274550437927,-1.1412635296583176,-0.0011906094150617719,1896,0.0003,-0.01066989079117775,208.61,0.37952775999999994
487424,476,5012,97,0.052490234375,0.2,0.001438379167666426,0.005416243,0.9096952080726624,-1.0910366997122765,-0.0036377034848555923,1900,0.0003,-0.012876652181148529,212.51,0.36669443
488448,477,5012,97,0.0068359375,0.2,0.0036820830864598975,0.0035107161,0.7626309394836426,-1.0958049893379211,-0.002021198073634878,1904,0.0003,-0.015463247895240784,210.61,0.37297221
489472,478,5013,97,0.0341796875,0.2,0.0011330949528201018,0.006247579,0.9165590405464172,-1.1674144268035889,-0.0036620051105273888,1908,0.0003,-0.015685709193348885,215.05,0.35963888
490496,479,5014,97,0.000732421875,0.2,0.0011801677828771062,0.001314318,0.6404560804367065,-1.2178243696689606,-0.0015261392254615203,1912,0.0003,-0.014029240235686302,213.62,0.36561109999999997
491520,480,5015,98,0.033203125,0.2,0.002074447082122788,0.005289952,0.7803025245666504,-1.0137981623411179,-0.002599401108454913,1916,0.0003,-0.01774301938712597,215.37,0.35775000000000007
492544,481,5016,98,0.004638671875,0.2,0.0032083587429951876,0.003532122,0.8545997142791748,-1.0418486706912518,-0.001079505804227665,1920,0.0003,-0.006973752751946449,213.34,0.3643888800000001
493568,482,5017,98,0.074462890625,0.2,0.0015221902358462103,0.008885366,0.9028894305229187,-1.0121949687600136,-0.0029332441481528804,1924,0.0003,-0.01482292078435421,216.06,0.35583332999999995
494592,483,5019,98,0.03466796875,0.2,0.0019079792691627517,0.008190952,0.8255799412727356,-1.0040499530732632,-0.002688394975848496,1928,0.0003,-0.01593521609902382,221.35,0.33913888
495616,484,5020,98,0.052001953125,0.2,0.0017535273764224257,0.008951608,0.8986244797706604,-1.0377846732735634,-0.0037671331665478647,1932,0.0003,-0.012477110140025616,227.3,0.3216111
496640,485,5021,98,0.031982421875,0.2,0.0017466277531639207,0.0061122756,0.7909469604492188,-1.0998516827821732,-0.004420066470629536,1936,0.0003,-0.023253267630934715,233.84,0.30144444
497664,486,5022,99,0.031982421875,0.2,0.0012941802779096179,0.004618584,0.8977004289627075,-1.0003524981439114,-0.0019249898905400187,1940,0.0003,-0.016603762283921242,237.67,0.29080555
498688,487,5022,99,0.01611328125,0.2,0.004205545992590487,0.005773452,0.6528728604316711,-1.2089294120669365,-0.0020306793448980898,1944,0.0003,-0.011775560677051544,234.58,0.30238887999999997
499712,488,5023,99,0.10986328125,0.2,0.00606187415542081,0.005671143,0.6408588886260986,-1.1784067898988724,-0.004564916744129732,1948,0.0003,-0.018800247460603714,226.24,0.32755554000000003
500736,489,5024,99,0.0654296875,0.2,0.008030372846405953,0.007538097,0.6451369524002075,-1.1847730726003647,-0.004723006451968104,1952,0.0003,-0.018968017771840096,227.07,0.32424998000000005
501760,490,5025,99,0.037353515625,0.2,0.002662035207322333,0.005820484,0.8050104379653931,-1.078678235411644,-0.0018449334456818178,1956,0.0003,-0.018235135823488235,227.49,0.32308331
502784,491,5027,100,0.09033203125,0.2,0.0019342885934747756,0.01018321,0.820136547088623,-1.2369614616036415,-0.004177890019491315,1960,0.0003,-0.02308175154030323,228.27,0.32091664999999997
503808,492,5028,100,0.05322265625,0.2,0.0017390075699950103,0.008321903,0.7914130687713623,-1.1672259867191315,-0.001014657609630376,1964,0.0003,-0.016744321212172508,226.13,0.32886109
504832,493,5029,100,0.02099609375,0.2,0.0019985807593911886,0.004889046,0.7124453186988831,-1.2215540558099747,-0.003940943512134254,1968,0.0003,-0.01674734055995941,222.97,0.33763886
505856,494,5031,100,0.012451171875,0.2,0.004493034677579999,0.0030521806,0.6571573615074158,-1.1410820037126541,-0.0010275902459397912,1972,0.0003,-0.01338769681751728,221.63,0.34336109
506880,495,5032,100,0.068603515625,0.2,0.0025594588078092784,0.004288142,0.6617319583892822,-1.138913668692112,-0.0031326407770393416,1976,0.0003,-0.014207775704562664,219.03,0.35258332000000003
507904,496,5032,100,0.000732421875,0.2,0.006245108466828242,0.0011316511,0.5518994927406311,-1.1886015012860298,-0.0012726960121653974,1980,0.0003,-0.012059430591762066,208.89,0.38475000000000004
508928,497,5033,101,0.0341796875,0.2,0.007692837942158803,0.0048548183,0.7002935409545898,-1.1690750569105148,-0.004036081547383219,1984,0.0003,-0.018086131662130356,208.89,0.38475000000000004
509952,498,5033,101,0.112060546875,0.2,0.00165231766004581,0.0069806036,0.5228743553161621,-1.2041469663381577,-0.0020249877707101405,1988,0.0003,-0.017193762585520744,205.93,0.39497223000000004
510976,499,5034,101,0.0185546875,0.2,0.004056053294334561,0.004301911,0.6704009771347046,-1.241834320127964,-0.002328599977772683,1992,0.0003,-0.01417006365954876,205.45,0.39730557
512000,500,5034,101,0.04248046875,0.2,0.0035008796548936516,0.009932736,0.4377058744430542,-1.3030717745423317,-0.0022797943674959242,1996,0.0003,-0.012719389982521534,205.07,0.40036111999999996
513024,501,5035,101,0.0625,0.2,0.00427672230580356,0.010091516,0.6339502930641174,-1.185287743806839,-0.003062965246499516,2000,0.0003,-0.017152391374111176,206.5,0.39538889
514048,502,5036,102,0.00048828125,0.2,0.0024536432756576687,0.0022356515,0.8068000078201294,-1.043633434921503,-0.0005026597937103361,2004,0.0003,-0.014108316972851753,206.84,0.39444445
515072,503,5037,102,0.026123046875,0.2,0.0014014660337124951,0.0034649346,0.9014548063278198,-0.9090932235121727,-0.0025448181258980185,2008,0.0003,-0.01420866884291172,197.4,0.42166668
516096,504,5038,102,0.021728515625,0.2,0.010121961211552843,0.004622395,0.7040351629257202,-0.929943360388279,-0.002143583376891911,2012,0.0003,-0.017678268253803253,190.95,0.44158334999999993
517120,505,5038,102,0.017333984375,0.2,0.0026227519556414336,0.0019581271,0.9123693108558655,-0.9341710805892944,-0.000824865885078907,2016,0.0003,-0.011120285838842392,188.31,0.44791668
518144,506,5039,102,0.000244140625,0.2,0.007154575869208202,0.0014582223,0.5553021430969238,-1.0444615259766579,-0.0007123667455743998,2020,0.0003,-0.01006519328802824,193.52,0.43144446999999997
519168,507,5040,102,0.030517578125,0.2,0.0047899731289362535,0.0024187607,0.44340628385543823,-1.1087401509284973,-0.0016767764755059034,2024,0.0003,-0.012408257462084293,195.62,0.42561113999999994
520192,508,5041,103,0.052001953125,0.2,0.0032481510934303515,0.0053123664,0.732385516166687,-0.9681079611182213,-0.0035668680793605745,2028,0.0003,-0.012178083881735802,195.63,0.4275833600000001
521216,509,5042,103,0.06103515625,0.2,0.00292785614146851,0.0044997605,0.8065750002861023,-1.0354756191372871,-0.0036475356318987906,2032,0.0003,-0.015400204807519913,195.85,0.42697224
522240,510,5043,103,0.03125,0.2,0.0033927597251022235,0.0057923486,0.5412718057632446,-1.1481229811906815,-0.002445737220114097,2036,0.0003,-0.01076416578143835,194.47,0.43180557
523264,511,5043,103,0.02490234375,0.2,0.002423560814349912,0.007441641,0.8738570213317871,-1.1900215819478035,-0.0012594761792570353,2040,0.0003,-0.014398247934877872,189.0,0.44800002
524288,512,4975,105,0.03076171875,0.2,0.0027312140009598807,0.0066329874,0.8649094104766846,-1.2434909343719482,-0.001374692568788305,2044,0.0003,-0.00775532890111208,190.25,0.4445277999999999
