rollout/ep_rew_mean,time/time_elapsed,time/iterations,time/total_timesteps,time/fps,rollout/ep_len_mean,train/explained_variance,train/clip_range,train/entropy_loss,train/learning_rate,train/approx_kl,train/value_loss,train/clip_fraction,train/policy_gradient_loss,train/loss,train/n_updates
0.3937692307692308,0,1,1024,1246,62.23076923076923,,,,,,,,,,
0.3421923076923077,0,2,2048,2093,67.96153846153847,-0.07718038558959961,0.2,-1.9453035593032837,0.0003,0.0013977953,0.011704309494234622,0.0,-0.004133572132559493,-0.018103107810020447,4
0.33180487804878045,1,3,3072,2718,69.36585365853658,-0.007112979888916016,0.2,-1.941106654703617,0.0003,0.0018638071,0.00492462664260529,0.0,-0.002487171586835757,-0.023420944809913635,8
0.3494210526315789,1,4,4096,3192,68.19298245614036,-0.04429364204406738,0.2,-1.9291761666536331,0.0003,0.004393647,0.0069744784268550575,0.0,-0.004405201849294826,-0.028150632977485657,12
0.34687142857142855,1,5,5120,3567,68.44285714285714,0.09684276580810547,0.2,-1.8986757770180702,0.0003,0.005636934,0.010421196988318115,0.0,-0.0024545349879190326,-0.024777714163064957,16
0.3549318181818182,1,6,6144,3870,67.88636363636364,0.047640442848205566,0.2,-1.8542757406830788,0.0003,0.006998837,0.00791757128899917,0.0,-0.0040939428872661665,-0.02612798474729061,20
0.35372,1,7,7168,4113,67.92,0.010512948036193848,0.2,-1.7999981120228767,0.0003,0.004254063,0.00957544764969498,0.0,-0.0018608108948683366,-0.02020501159131527,24
0.36583000000000004,2,8,8192,3343,67.13,0.053297460079193115,0.2,-1.7634179294109344,0.0003,0.0026204688,0.010207688639638945,0.0,-0.0019776934350375086,-0.017273282632231712,28
0.43573,2,9,9216,3523,60.03,0.007513105869293213,0.2,-1.7420674115419388,0.0003,0.003464,0.0087213869264815,0.0,-0.002560057124355808,-0.017181215807795525,32
0.44284000000000007,2,10,10240,3691,59.24,0.16699117422103882,0.2,-1.7453426122665405,0.0003,0.004337522,0.021023647510446608,0.0,-0.004563395326840691,-0.016971031203866005,36
0.47553000000000006,2,11,11264,3838,55.83,0.16592305898666382,0.2,-1.7247282043099403,0.0003,0.0014875479,0.012833543703891337,0.0,-0.0004904833185719326,-0.01353565976023674,40
0.50174,3,12,12288,3967,53.14,0.1616002321243286,0.2,-1.7053488790988922,0.0003,0.001439505,0.01462523709051311,0.0,-0.0015969309024512768,-0.012040233239531517,44
0.54426,3,13,13312,4087,48.86,0.2905063033103943,0.2,-1.6908932328224182,0.0003,0.0021711765,0.012034808460157365,0.0,-0.001709965115878731,-0.01902153715491295,48
0.5517400000000001,3,14,14336,4198,48.14,0.27280163764953613,0.2,-1.6106178686022758,0.0003,0.012645803,0.016107352101244032,0.036376953125,-0.00778856166289188,-0.017639189958572388,52
0.5876899999999999,3,15,15360,4305,44.59,0.2670819163322449,0.2,-1.4769902154803276,0.0003,0.0043076184,0.0161740361363627,0.0087890625,-0.003161954926326871,-0.016253024339675903,56
0.62957,4,16,16384,3814,40.27,0.22540569305419922,0.2,-1.4402144998311996,0.0003,0.00266731,0.017165639146696776,0.0,-0.0021642716747010127,-0.011622007936239243,60
0.64279,4,17,17408,3910,38.69,0.21558374166488647,0.2,-1.3958105817437172,0.0003,0.006137672,0.018757468089461327,0.024169921875,-0.00501709824311547,-0.01066181156784296,64
0.6406200000000001,4,18,18432,4003,38.82,0.12820512056350708,0.2,-1.3270571529865265,0.0003,0.002228194,0.017644721490796655,0.0,-0.0008854295592755079,-0.005996215157210827,68
0.64115,4,19,19456,4089,38.65,0.060345232486724854,0.2,-1.3050966784358025,0.0003,0.0004942679,0.018520537356380373,0.0,-0.000492651408421807,-0.005909688770771027,72
0.67962,4,20,20480,4169,34.82,0.17192238569259644,0.2,-1.2864796966314316,0.0003,0.0026185291,0.017940138233825564,0.0029296875,-0.002971704350784421,-0.008711043745279312,76
0.6926099999999998,5,21,21504,4247,33.71,0.19037854671478271,0.2,-1.2771681547164917,0.0003,0.0012362022,0.019899767241440713,0.0,-1.960560621228069e-05,-0.005341223441064358,80
0.71649,5,22,22528,4318,31.39,0.07507896423339844,0.2,-1.3274365812540054,0.0003,0.0021791037,0.01751790544949472,0.0029296875,-0.0015185552765615284,-0.002994818612933159,84
0.67486,5,23,23552,4386,35.46,0.1664731502532959,0.2,-1.3723740801215172,0.0003,0.0024131911,0.013838518527336419,0.0,-0.0008041114488150924,-0.006234120577573776,88
0.6539400000000001,6,24,24576,4041,37.34,0.1963469386100769,0.2,-1.3512585163116455,0.0003,0.0051673525,0.013430425489787012,0.0,-0.00333528479677625,-0.01754492148756981,92
0.65232,6,25,25600,4093,37.52,0.14022177457809448,0.2,-1.2558344975113869,0.0003,0.01258183,0.013059527496807277,0.030029296875,-0.0025195888883899897,0.008817215450108051,96
0.63839,6,26,26624,4152,39.29,0.1608700156211853,0.2,-1.1529491320252419,0.0003,0.004047419,0.015673565270844847,0.0,-0.0018586400838103145,-0.010628461837768555,100
0.6588499999999999,6,27,27648,4209,37.35,0.004373610019683838,0.2,-1.099939540028572,0.0003,0.0009610943,0.0165987906511873,0.0,-0.0010192260378971696,-0.007254055701196194,104
0.62861,6,28,28672,4265,40.71,0.1169973611831665,0.2,-1.1254234164953232,0.0003,0.002297216,0.013150057231541723,0.0,-0.0011802822118625045,-0.0059261019341647625,108
0.6675800000000001,6,29,29696,4317,36.38,-0.040279507637023926,0.2,-1.1001094728708267,0.0003,0.0026206335,0.009403245523571968,0.006103515625,-0.002686369640287012,-0.016522511839866638,112
0.6781900000000001,7,30,30720,4366,35.09,0.10485100746154785,0.2,-0.9986008107662201,0.0003,0.0057444973,0.02497568167746067,0.00048828125,-0.002694596740184352,0.002921817824244499,116
0.75103,7,31,31744,4416,27.33,0.17742598056793213,0.2,-0.9258740767836571,0.0003,0.0006215133,0.020116560976020992,0.0,-0.00021288561401888728,0.001476944424211979,120
0.74356,7,32,32768,4142,28.16,0.2381141185760498,0.2,-0.9494477733969688,0.0003,0.004263265,0.01710181694943458,0.02880859375,-0.002914302865974605,-0.00548019353300333,124
0.71888,8,33,33792,4188,30.68,0.06475144624710083,0.2,-0.9876918531954288,0.0003,0.004448893,0.018346847034990788,0.012451171875,-0.0016299840644933283,0.0030422424897551537,128
0.7286999999999999,8,34,34816,4235,29.7,0.15801137685775757,0.2,-1.044028863310814,0.0003,0.00100882,0.016614277788903564,0.0,0.00020660711743403226,-0.001108846627175808,132
0.7329399999999999,8,35,35840,4279,29.34,0.18020188808441162,0.2,-0.9905172921717167,0.0003,0.011227537,0.01591504568932578,0.037841796875,-0.006059707448002882,-0.004197082482278347,136
0.7201700000000001,8,36,36864,4323,30.87,0.25227344036102295,0.2,-0.8847057931125164,0.0003,0.007825222,0.01235965295927599,0.0302734375,-0.0027275824977550656,-0.017608899623155594,140
0.7164699999999999,8,37,37888,4362,31.17,0.18320196866989136,0.2,-0.8253897987306118,0.0003,0.00021846569,0.013101472228299826,0.0,-6.272090831771493e-05,-0.001784974243491888,144
0.70563,8,38,38912,4399,31.93,0.11686486005783081,0.2,-0.8139486014842987,0.0003,0.00083061296,0.017780396447051316,0.0,-0.0018557890289230272,-0.005258255172520876,148
0.73363,9,39,39936,4430,28.93,0.2554060220718384,0.2,-0.8042484447360039,0.0003,0.00038147828,0.013619998819194734,0.0,-0.0004216689558234066,-0.0004881257191300392,152
0.7312099999999999,9,40,40960,4180,29.31,0.11088275909423828,0.2,-0.8223628848791122,0.0003,0.0020204321,0.012870672275312245,0.0,-0.0011287787347100675,-0.007963931187987328,156
0.74564,9,41,41984,4215,28.04,0.2408614158630371,0.2,-0.8977489322423935,0.0003,0.0069596274,0.015056145319249481,0.083984375,-0.00324523652670905,-0.0076691689901053905,160
0.73385,10,42,43008,4248,29.35,0.10459178686141968,0.2,-0.8638443499803543,0.0003,0.006790304,0.02056279336102307,0.00537109375,-0.001883960867417045,0.004003447480499744,164
0.74041,10,43,44032,4279,28.51,0.08969801664352417,0.2,-0.8488744311034679,0.0003,0.0006487034,0.017571252945344895,0.0,-0.0003364244621479884,-0.003416447900235653,168
0.7392299999999998,10,44,45056,4309,28.53,0.1700451374053955,0.2,-0.871531281620264,0.0003,0.0015081213,0.01940408570226282,0.0,-0.0003323724668007344,-0.005597341805696487,172
0.75623,10,45,46080,4338,26.53,0.2799789309501648,0.2,-0.8800453506410122,0.0003,0.00013795198,0.014120186096988618,0.0,3.6385972634889185e-05,-0.001751001924276352,176
0.7456999999999998,10,46,47104,4366,27.7,0.17956912517547607,0.2,-0.8696311451494694,0.0003,0.0004486504,0.01636632753070444,0.0,-0.000798356777522713,-0.0036422312259674072,180
0.76373,10,47,48128,4392,26.03,0.11471515893936157,0.2,-0.8498288355767727,0.0003,0.0034453617,0.01665274956030771,0.0,-0.0016941853536991403,-0.0042365244589746,184
0.7520299999999999,11,48,49152,4195,27.33,0.17017024755477905,0.2,-0.7520557008683681,0.0003,0.006328931,0.011951181339100003,0.015625,-0.0026185340830124915,-0.009932147338986397,188
0.7542099999999998,11,49,50176,4222,27.31,0.1660616397857666,0.2,-0.7526003159582615,0.0003,0.0055629383,0.01627409440698102,0.045166015625,-0.0019574845500756055,-0.006247355602681637,192
0.7465600000000001,12,50,51200,4251,28.16,0.14751529693603516,0.2,-0.7946017421782017,0.0003,0.002188289,0.0125393052585423,0.00048828125,-0.001131694865762256,-0.0058242627419531345,196
0.7308000000000001,12,51,52224,4279,29.8,0.07772660255432129,0.2,-0.8810615129768848,0.0003,0.003952146,0.01658628840232268,0.0,-0.0006932012620382011,-0.0007561855018138885,200
0.7226799999999999,12,52,53248,4305,30.48,0.08526164293289185,0.2,-0.9307920448482037,0.0003,0.0017039052,0.014686438371427357,0.00048828125,-0.0005280671175569296,-0.0023873206228017807,204
0.7452600000000001,12,53,54272,4331,27.86,0.10465747117996216,0.2,-0.9790005423128605,0.0003,0.0010333224,0.020340083283372223,0.003173828125,-0.0006670056172879413,-0.00037204939872026443,208
0.7935300000000001,12,54,55296,4356,22.83,0.13714075088500977,0.2,-0.9878048561513424,0.0003,0.004043267,0.02005655108951032,0.0,-0.002040100487647578,-0.0012603309005498886,212
0.8005500000000001,12,55,56320,4380,22.05,0.22797012329101562,0.2,-0.9988017193973064,0.0003,0.0017103482,0.015694232191890478,0.005859375,-0.002357412740821019,-0.010306541807949543,216
0.77119,13,56,57344,4215,25.09,0.2185729742050171,0.2,-1.0390014499425888,0.0003,0.0019655288,0.015078889031428844,0.0,-0.0012639111664611846,-0.006392397917807102,220
0.7737199999999999,13,57,58368,4241,24.92,0.16477620601654053,0.2,-0.907546654343605,0.0003,0.004748835,0.013604702719021589,0.004150390625,-0.0016615100612398237,-0.007682335563004017,224
0.77003,13,58,59392,4265,25.33,0.16895759105682373,0.2,-0.9443643018603325,0.0003,0.007093846,0.014676198246888816,0.03173828125,-0.002276497529237531,-0.004689028020948172,228
0.7739100000000002,14,59,60416,4289,25.01,0.18547391891479492,0.2,-0.9039655774831772,0.0003,0.0029067104,0.016153000411577523,0.0,-0.0011602702434174716,-0.009082491509616375,232
0.7820099999999998,14,60,61440,4313,24.11,0.1597534418106079,0.2,-0.9307950288057327,0.0003,0.005149427,0.014235359558369964,0.03076171875,-0.0022234485077206045,-0.013224886730313301,236
0.76843,14,61,62464,4336,25.73,0.17310136556625366,0.2,-1.023551419377327,0.0003,0.009237188,0.014736846729647368,0.078857421875,-0.004328423063270748,-0.0031157564371824265,240
0.7620399999999998,14,62,63488,4358,26.44,0.041667163372039795,0.2,-1.0387689098715782,0.0003,0.0029319357,0.013143509742803872,0.0,-0.0009546710061840713,0.003834687639027834,244
0.74818,14,63,64512,4379,27.98,0.06784135103225708,0.2,-1.0398814380168915,0.0003,0.0015945304,0.019220051122829318,0.0,-0.00044804904609918594,-0.00044175703078508377,248
0.75447,15,64,65536,4231,27.17,0.10939592123031616,0.2,-1.047185629606247,0.0003,0.0017707299,0.014897268207278103,0.0078125,-0.0019166001147823408,-0.007871782407164574,252
0.7569799999999997,15,65,66560,4252,26.78,0.14590752124786377,0.2,-1.0088950097560883,0.0003,0.00029345497,0.012802067620214075,0.0,-0.00032402793294750154,-0.006898507010191679,256
0.7852400000000002,15,66,67584,4274,23.64,0.19959282875061035,0.2,-1.0107950530946255,0.0003,0.00311935,0.012732893112115562,0.00048828125,-0.003733568897587247,-0.008760588243603706,260
0.79876,15,67,68608,4295,22.36,0.12286198139190674,0.2,-0.9610347971320152,0.0003,0.006803993,0.01708661566954106,0.00830078125,-0.001258621778106317,0.010921248234808445,264
0.7918299999999999,16,68,69632,4315,23.13,0.14716702699661255,0.2,-0.8125842660665512,0.0003,0.0077231657,0.01318318088306114,0.013671875,-0.0018765786080621183,-0.012837214395403862,268
0.8203599999999999,16,69,70656,4336,19.96,0.22024685144424438,0.2,-0.7959340922534466,0.0003,0.0038889553,0.01648446189938113,0.0146484375,-0.0010057147301267833,0.001198112964630127,272
0.8117199999999998,16,70,71680,4356,20.92,0.3071540594100952,0.2,-0.7491089068353176,0.0003,0.0072667594,0.013272979005705565,0.022216796875,-0.0020144478185102344,0.0025132521986961365,276
0.7579699999999999,16,71,72704,4376,26.67,0.286108136177063,0.2,-0.6969923116266727,0.0003,0.0030773175,0.00920155446510762,0.0009765625,-0.0016191874456126243,-0.003501781728118658,280
0.7131399999999999,17,72,73728,4244,31.54,-0.09527432918548584,0.2,-0.6702581234276295,0.0003,0.0026615167,0.01282304007327184,0.009765625,-0.0012403985165292397,-0.0046037305146455765,284
0.7460800000000001,17,73,74752,4264,27.88,0.0745057463645935,0.2,-0.7244160063564777,0.0003,0.0062264167,0.019556891405954957,0.072509765625,-0.003323537210235372,-0.0012751352041959763,288
0.7835200000000002,17,74,75776,4282,23.72,0.21659070253372192,0.2,-0.7103285007178783,0.0003,0.0019161787,0.015925967774819583,0.0,-0.0003529928799252957,-0.001596846617758274,292
0.7758799999999999,17,75,76800,4300,24.68,0.15351450443267822,0.2,-0.7328418530523777,0.0003,0.00527943,0.0115574118681252,0.0322265625,-0.0021418452088255435,-0.009351791813969612,296
0.7635500000000001,18,76,77824,4319,26.05,0.12541449069976807,0.2,-0.7623679041862488,0.0003,0.003389841,0.012261108262464404,0.006103515625,-0.001177455997094512,-0.0026398608461022377,300
0.7909899999999999,18,77,78848,4336,22.89,0.18502527475357056,0.2,-0.8097994290292263,0.0003,0.0050661024,0.015027453424409032,0.01220703125,-0.001052019011694938,-0.0033335196785628796,304
0.8094499999999998,18,78,79872,4354,20.95,0.22332274913787842,0.2,-0.7990379184484482,0.0003,0.0076434333,0.014920423971489072,0.0087890625,-0.001960952111403458,-0.002659799065440893,308
0.81369,18,79,80896,4370,20.59,0.14681291580200195,0.2,-0.7108127772808075,0.0003,0.0070803557,0.011575124866794795,0.03125,-0.0024978319997899234,-0.007439197972416878,312
0.80425,19,80,81920,4250,21.75,0.1783839464187622,0.2,-0.7195819392800331,0.0003,0.005043481,0.011952138680499047,0.056396484375,-0.003026664926437661,0.0005438602529466152,316
0.79416,19,81,82944,4267,22.76,0.10699337720870972,0.2,-0.7290344536304474,0.0003,0.00033362122,0.012633950798772275,0.0,1.6671110643073916e-05,-0.0022615031339228153,320
0.8037799999999998,19,82,83968,4284,21.58,0.12331259250640869,0.2,-0.8058877699077129,0.0003,0.0014992144,0.014067305077333003,0.0,0.0001284036843571812,-0.0051865242421627045,324
0.8037899999999999,19,83,84992,4301,21.69,0.14087826013565063,0.2,-0.7522812075912952,0.0003,0.0032990251,0.013655216724146158,0.0,-0.0009732805483508855,-0.0017733210697770119,328
0.7869700000000003,19,84,86016,4318,23.67,0.22696638107299805,0.2,-0.739016093313694,0.0003,0.00017936801,0.00969015620648861,0.0,-3.651663428172469e-05,-0.0016984594985842705,332
0.81244,20,85,87040,4334,20.84,0.19685226678848267,0.2,-0.7679655328392982,0.0003,0.007965629,0.011962860939092934,0.05322265625,-0.0006406129105016589,-0.0052641876973211765,336
0.7943399999999999,20,86,88064,4349,22.74,0.11848247051239014,0.2,-0.7945395298302174,0.0003,0.007068662,0.014697337115649134,0.009033203125,-0.0014617301640100777,-0.009869934059679508,340
0.7799399999999999,20,87,89088,4365,24.34,0.10219669342041016,0.2,-0.7614915668964386,0.0003,0.0006029473,0.012675299367401749,0.0,-0.0003506166976876557,-0.0025689094327390194,344
0.7699600000000001,21,88,90112,4255,25.56,0.13036292791366577,0.2,-0.8095350936055183,0.0003,0.005324796,0.013424972479697317,0.01318359375,-0.001437881262972951,-0.006241790484637022,348
0.75259,21,89,91136,4270,27.49,0.05597764253616333,0.2,-0.7824546508491039,0.0003,0.005353327,0.01057843619491905,0.001708984375,-0.002190223676734604,-0.0055666761472821236,352
0.7638399999999999,21,90,92160,4285,26.24,0.0947561264038086,0.2,-0.703605629503727,0.0003,0.00042876572,0.01515587285393849,0.0,-0.00014347388059832156,0.0012354739010334015,356
0.7610399999999998,21,91,93184,4301,26.44,0.09314888715744019,0.2,-0.7307407669723034,0.0003,0.0024804366,0.017435196379665285,0.0,-0.0003799650294240564,-0.005832265131175518,360
0.7759699999999999,21,92,94208,4316,24.67,0.11262780427932739,0.2,-0.764056496322155,0.0003,0.004113828,0.01590487506473437,0.0,-0.0011889081361005083,-0.00415215827524662,364
0.8063799999999999,21,93,95232,4330,21.18,0.16663753986358643,0.2,-0.7545703202486038,0.0003,0.010348799,0.01611628179671243,0.0302734375,-0.0026635231624823064,-0.009066546335816383,368
0.79108,22,94,96256,4345,22.88,0.12660908699035645,0.2,-0.6668797843158245,0.0003,7.37331e-05,0.01134780643042177,0.0,-0.00010341030429117382,-0.0009879237040877342,372
0.7762300000000002,22,95,97280,4359,24.53,0.17653918266296387,0.2,-0.6971955820918083,0.0003,0.0026903995,0.013551872398238629,0.000244140625,-0.0009799416875466704,-0.00032994989305734634,376
0.76625,23,96,98304,4256,25.75,0.16678231954574585,0.2,-0.76518190279603,0.0003,0.0052816784,0.013991758518386632,0.002685546875,-0.00018057003035210073,-0.0014019813388586044,380
0.7734599999999999,23,97,99328,4270,25.06,0.06905883550643921,0.2,-0.7605386413633823,0.0003,0.015086192,0.01579969108570367,0.1396484375,-0.0049166819953825325,-0.004167403094470501,384
0.7871399999999998,23,98,100352,4284,23.54,0.0318416953086853,0.2,-0.7580013386905193,0.0003,0.0047060405,0.015580550534650683,0.0087890625,4.47183265350759e-05,-0.002077290788292885,388
0.8156600000000002,23,99,101376,4298,20.26,0.15751677751541138,0.2,-0.7176655121147633,0.0003,0.0031203656,0.01493353012483567,0.0,-0.0010330811201129109,0.005405612289905548,392
0.8181899999999998,23,100,102400,4311,20.09,0.14134198427200317,0.2,-0.7159158140420914,0.0003,0.0010448,0.013629787717945874,0.0,-0.0008714300347492099,-0.004308865871280432,396
0.8268400000000001,23,101,103424,4325,19.24,0.14477115869522095,0.2,-0.7456065006554127,0.0003,0.0075437916,0.011935518006794155,0.052490234375,-0.0025942563952412456,-0.006460557691752911,400
0.82305,24,102,104448,4338,19.55,0.19774949550628662,0.2,-0.718721479177475,0.0003,0.012045028,0.008739774231798947,0.075927734375,-0.0032131761545315385,-0.0011232378892600536,404
0.8494199999999998,24,103,105472,4351,16.62,0.10815328359603882,0.2,-0.6939338147640228,0.0003,0.0002528848,0.016154967714101076,0.0,-0.00031651981407776475,-0.0020663351751863956,408
0.8416900000000002,24,104,106496,4260,17.59,0.12997007369995117,0.2,-0.7134471461176872,0.0003,0.008617487,0.011511140095535666,0.029296875,-0.0022553129820153117,-0.008057493716478348,412
0.7997399999999999,25,105,107520,4273,22.14,0.11563336849212646,0.2,-0.7766070179641247,0.0003,0.009807267,0.007821281295036897,0.0263671875,-0.0025609451986383647,-0.010268723592162132,416
0.8027899999999998,25,106,108544,4287,21.69,0.09581536054611206,0.2,-0.7122649513185024,0.0003,0.011462658,0.014809939952101558,0.06640625,-0.0035004853853024542,-0.004245550371706486,420
0.81342,25,107,109568,4300,20.62,0.2258312702178955,0.2,-0.6727684922516346,0.0003,0.0044912314,0.012393751589115709,0.01416015625,-0.0006897389539517462,0.007669916842132807,424
0.82009,25,108,110592,4313,19.99,0.07325071096420288,0.2,-0.6759557202458382,0.0003,0.004158536,0.011797828483395278,0.00048828125,-0.00082623609341681,-0.002474856562912464,428
0.83512,25,109,111616,4326,18.32,0.11045759916305542,0.2,-0.6703912504017353,0.0003,0.009898315,0.014803692873101681,0.051513671875,-0.002758687041932717,0.010903848335146904,432
0.8352999999999998,25,110,112640,4339,18.3,0.12417280673980713,0.2,-0.7219612151384354,0.0003,0.0038680525,0.01403428619960323,0.005859375,-0.001289577325223945,-2.993457019329071e-05,436
0.84934,26,111,113664,4351,16.74,0.17991864681243896,0.2,-0.7291089370846748,0.0003,0.0048525943,0.011816908547189087,0.012451171875,-0.0026524958957452327,-0.005245836451649666,440
0.8317,26,112,114688,4267,18.7,0.0649614930152893,0.2,-0.7477596439421177,0.0003,0.008179848,0.012140828650444746,0.017822265625,-0.0025985607353504747,-0.008464585989713669,444
0.8064100000000001,27,113,115712,4279,21.51,0.07300257682800293,0.2,-0.7866167984902859,0.0003,0.011713816,0.01814803422894329,0.0576171875,-0.0021562324109254405,-0.006565163843333721,448
0.80794,27,114,116736,4292,21.34,0.08798140287399292,0.2,-0.7778123579919338,0.0003,0.0091754235,0.01500320335617289,0.178955078125,-0.010351760167395696,-0.01563740149140358,452
0.79804,27,115,117760,4304,22.44,0.11708366870880127,0.2,-0.7765998393297195,0.0003,0.0025418897,0.014886389893945307,0.0,-0.00045051776396576315,0.007389141712337732,456
0.78165,27,116,118784,4316,24.15,0.10968148708343506,0.2,-0.7883366011083126,0.0003,0.006179136,0.012904530623927712,0.004638671875,-0.0019220365211367607,-0.00311806658282876,460
0.7797599999999999,27,117,119808,4328,24.36,0.12228941917419434,0.2,-0.821427159011364,0.0003,0.014417656,0.01291261415462941,0.101318359375,-0.005019847885705531,-0.010651816613972187,464
0.7808499999999998,27,118,120832,4340,24.35,0.08570808172225952,0.2,-0.8096992932260036,0.0003,0.010146581,0.01671309128869325,0.039794921875,-0.0028331849607639015,-0.00031737424433231354,468
0.7909999999999999,27,119,121856,4352,23.0,0.1369180679321289,0.2,-0.7255331203341484,0.0003,0.0063694566,0.01611491944640875,0.006591796875,-0.0020640449365600944,-0.01088913157582283,472
0.7706500000000002,28,120,122880,4275,25.15,0.12904828786849976,0.2,-0.7003769837319851,0.0003,0.0014083964,0.018778137280605733,0.0,-0.0009256408375222236,-0.0012618815526366234,476
0.8033399999999997,28,121,123904,4287,21.74,0.20899945497512817,0.2,-0.7114941030740738,0.0003,0.008117904,0.011946739978156984,0.08642578125,-0.002966802887385711,-0.015094181522727013,480
0.8389,29,122,124928,4298,17.9,0.04019045829772949,0.2,-0.6883763298392296,0.0003,0.00679357,0.014747925975825638,0.050048828125,-0.003970505509641953,0.003297818824648857,484
0.8220599999999999,29,123,125952,4310,19.66,0.08891993761062622,0.2,-0.7290839068591595,0.0003,0.0078130225,0.016089251555968076,0.03662109375,-0.0015958667790982872,-0.0009105708450078964,488
0.8004499999999999,29,124,126976,4321,21.95,0.17503780126571655,0.2,-0.7457900792360306,0.0003,0.002916973,0.01020277029601857,0.00048828125,-0.0005536953103728592,-0.007857647724449635,492
0.7878399999999999,29,125,128000,4332,23.24,-0.0070607662200927734,0.2,-0.7755399234592915,0.0003,0.00436495,0.011337376083247364,0.00537109375,-0.00029249899671413004,0.013454027473926544,496
0.78839,29,126,129024,4343,23.29,0.06440067291259766,0.2,-0.8182314932346344,0.0003,0.007556544,0.010892488760873675,0.072998046875,-0.0038032175216358155,-0.013330716639757156,500
0.78992,29,127,130048,4353,23.12,0.08658236265182495,0.2,-0.8476856760680676,0.0003,0.011975819,0.016887251695152372,0.08984375,-0.0025881223555188626,0.005057632923126221,504
0.80342,30,128,131072,4297,21.62,0.15218007564544678,0.2,-0.8061131462454796,0.0003,0.004321213,0.012982919521164149,0.071044921875,-0.0042265103256795555,-0.007373410277068615,508
0.7943400000000002,30,129,132096,4307,22.74,0.21335256099700928,0.2,-0.8519300445914268,0.0003,0.011880456,0.01223503949586302,0.064208984375,-0.0028229984163772315,-0.0004208008758723736,512
0.8107199999999999,30,130,133120,4317,20.92,0.08975517749786377,0.2,-0.8059757426381111,0.0003,0.007676181,0.016077130974736065,0.02880859375,-0.0010481294593773782,0.0063657211139798164,516
0.8113499999999998,30,131,134144,4328,20.85,0.2011317014694214,0.2,-0.8054108321666718,0.0003,0.00058342074,0.01691058633150533,0.0,-0.0010180856916122139,-0.004623914137482643,520
0.8141399999999999,31,132,135168,4338,20.54,0.21669018268585205,0.2,-0.7955954186618328,0.0003,0.0008377723,0.016683260560967028,0.002685546875,-0.0008828805148368701,-0.0027096495032310486,524
0.8266599999999998,31,133,136192,4349,19.26,0.17830413579940796,0.2,-0.7581207267940044,0.0003,0.0076582665,0.015679595700930804,0.086669921875,-0.005579706921707839,-0.0034058215096592903,528
0.8039700000000001,31,134,137216,4359,21.67,0.23567229509353638,0.2,-0.7237033620476723,0.0003,0.00021730538,0.011938023730181158,0.0,-0.00043704941344913095,-0.0023182020522654057,532
0.8137800000000002,31,135,138240,4368,20.58,0.11485874652862549,0.2,-0.7485196702182293,0.0003,0.0021342111,0.017103712598327547,0.0,-0.0007203188142739236,-0.0024086395278573036,536
0.8365600000000001,32,136,139264,4298,18.16,0.26104217767715454,0.2,-0.6976296305656433,0.0003,0.003115728,0.012851322710048407,0.001220703125,-0.0010541984665906057,-0.0024896394461393356,540
0.8390699999999996,32,137,140288,4307,17.77,0.28010547161102295,0.2,-0.6223273053765297,0.0003,0.00158632,0.012223166064359248,0.0,-0.00027537938149180263,0.000497069675475359,544
0.82062,32,138,141312,4317,19.82,0.22188562154769897,0.2,-0.6826648786664009,0.0003,0.0038160025,0.01206269464455545,0.045166015625,-0.0029215842369012535,-0.00508822500705719,548
0.8149600000000001,32,139,142336,4327,20.56,0.23019874095916748,0.2,-0.6984867267310619,0.0003,0.0038644336,0.013879071804694831,0.004150390625,-0.0016489928821101785,0.0020971158519387245,552
0.8301699999999999,33,140,143360,4336,18.87,0.04202359914779663,0.2,-0.6117622070014477,0.0003,0.00029848632,0.016195097821764648,0.0,-0.00018114951672032475,0.0008205939084291458,556
0.83962,33,141,144384,4345,17.82,0.2047632336616516,0.2,-0.6410588286817074,0.0003,0.0044226106,0.01720265584299341,0.047119140625,-0.002077105629723519,0.0005209213122725487,560
0.8315199999999998,33,142,145408,4355,18.72,0.05814015865325928,0.2,-0.6510450802743435,0.0003,0.00059883186,0.009927064296789467,0.0,-0.00041716985288076103,-0.0036213332787156105,564
0.8398899999999999,33,143,146432,4364,17.79,0.07536977529525757,0.2,-0.7038783170282841,0.0003,0.007651926,0.009830792434513569,0.066650390625,-0.002321880907402374,-0.007115139160305262,568
0.8362899999999999,34,144,147456,4303,18.19,0.10523831844329834,0.2,-0.658095758408308,0.0003,0.0051129516,0.011672744003590196,0.063232421875,-0.004429115680977702,-0.005487585905939341,572
0.8351199999999999,34,145,148480,4311,18.32,0.06894791126251221,0.2,-0.6482734940946102,0.0003,0.007379858,0.012191111338324845,0.04931640625,-0.0024098522553686053,-0.005242172162979841,576
0.83485,34,146,149504,4321,18.35,0.13917315006256104,0.2,-0.6209923401474953,0.0003,0.0015442525,0.011059184675104916,0.0,0.0006611941498704255,-0.0020531266927719116,580
0.8296300000000001,34,147,150528,4329,18.93,0.09400951862335205,0.2,-0.6257607936859131,0.0003,0.0061351582,0.012221987301018089,0.0615234375,-0.002785640157526359,-0.0021082074381411076,584
0.8492399999999999,34,148,151552,4338,16.64,0.10419833660125732,0.2,-0.6309720575809479,0.0003,0.001020218,0.013192108017392457,0.0,0.0005601901502814144,-0.0013597505167126656,588
0.8364699999999999,35,149,152576,4347,18.17,0.23637372255325317,0.2,-0.6654505021870136,0.0003,0.015392199,0.009959121642168611,0.096923828125,-0.0030665982922073454,0.003934269305318594,592
0.83773,35,150,153600,4356,18.03,0.12167918682098389,0.2,-0.5963026620447636,0.0003,0.005630088,0.014524131722282618,0.057861328125,-0.0024298176576849073,-0.003967544063925743,596
0.8231400000000001,35,151,154624,4366,19.54,0.05864369869232178,0.2,-0.6740589961409569,0.0003,0.0031157178,0.013428435078822076,0.00390625,-0.0012527541257441044,-0.0035157972015440464,600
0.8258399999999999,35,152,155648,4325,19.24,0.08524787425994873,0.2,-0.724367868155241,0.0003,0.0029202672,0.013490527227986604,0.00146484375,-0.0005448134616017342,-0.008613004349172115,604
0.8222499999999999,36,153,156672,4334,19.75,0.24207687377929688,0.2,-0.7335047535598278,0.0003,0.0039337873,0.01325323892524466,0.000244140625,-0.0014174807874951512,-0.012424906715750694,608
0.8477999999999999,36,154,157696,4342,16.8,0.2790263891220093,0.2,-0.7064335942268372,0.0003,0.0040988815,0.01640278013655916,0.004150390625,-0.0012432014336809516,0.005758808925747871,612
0.85797,36,155,158720,4351,15.67,0.29360783100128174,0.2,-0.673272967338562,0.0003,0.0022947073,0.012408849666826427,0.0,-0.00157297303667292,-0.005288426764309406,616
0.8254899999999998,36,156,159744,4360,19.39,0.11026215553283691,0.2,-0.6650684364140034,0.0003,0.0004869966,0.014027890749275684,0.0,-0.0007863947539590299,-0.002355689648538828,620
0.8205399999999998,36,157,160768,4368,19.94,0.2238171100616455,0.2,-0.6178491711616516,0.0003,0.0014627735,0.016336962988134474,0.0,-0.00018886986072175205,0.0034137386828660965,624
0.84943,36,158,161792,4376,16.73,0.20284390449523926,0.2,-0.6378244683146477,0.0003,0.0041519073,0.01328564208233729,0.00244140625,-0.0009961723117157817,-0.0052160099148750305,628
0.8602299999999998,37,159,162816,4385,15.53,0.13856357336044312,0.2,-0.6843955740332603,0.0003,0.0076757944,0.0113446464529261,0.0595703125,-0.002023541514063254,-0.0018237973563373089,632
0.85438,37,160,163840,4324,16.18,0.21876734495162964,0.2,-0.6366550661623478,0.0003,0.004998718,0.010194708069320768,0.014892578125,-0.0008937125967349857,-0.004388354253023863,636
0.8335899999999999,38,161,164864,4334,18.49,0.09320425987243652,0.2,-0.6606818288564682,0.0003,0.0027811297,0.009985734766814858,0.0,-0.00034607590350788087,-0.008072059601545334,640
0.8304299999999999,38,162,165888,4342,18.73,0.1587924361228943,0.2,-0.6519890576601028,0.0003,0.002026326,0.01289337029447779,0.0,-0.0005179444851819426,-0.007822367362678051,644
0.8466299999999998,38,163,166912,4351,16.93,0.1634935736656189,0.2,-0.6307326890528202,0.0003,0.0047454177,0.015921482583507895,0.1025390625,-0.005086437551653944,-0.003950859420001507,648
0.8461000000000002,38,164,167936,4359,17.1,0.09725791215896606,0.2,-0.6262098662555218,0.0003,0.0001677809,0.013539800711441785,0.0,-0.0004963407554896548,-0.0008580712601542473,652
0.8840799999999999,38,165,168960,4367,12.88,0.23667198419570923,0.2,-0.6556361801922321,0.0003,0.000756317,0.010454341827426106,0.0,-0.0006377689278451726,-0.0020107883028686047,656
0.86347,38,166,169984,4375,15.17,0.3196796774864197,0.2,-0.658051360398531,0.0003,0.0053250478,0.0086602529627271,0.01904296875,-0.002205346667324193,0.0018313108012080193,660
0.8253099999999998,39,167,171008,4383,19.41,0.10563671588897705,0.2,-0.6561255343258381,0.0003,0.0028280332,0.013065669103525579,0.0,-0.0011877424840349704,-0.010097431018948555,664
0.82288,39,168,172032,4331,19.68,0.2050865888595581,0.2,-0.6496337912976742,0.0003,0.0062488345,0.01498656626790762,0.10302734375,-0.0037963719514664263,0.0014421790838241577,668
0.8379099999999998,39,169,173056,4338,18.01,0.3021697402000427,0.2,-0.6246967315673828,0.0003,0.00038197782,0.014876575442031026,0.0,-0.0009437705448362976,-0.00387388514354825,672
0.8418700000000001,40,170,174080,4346,17.57,0.321028470993042,0.2,-0.6440490037202835,0.0003,0.005100638,0.014313600491732359,0.008544921875,-0.0016538226045668125,-0.0034371758811175823,676
0.8624799999999999,40,171,175104,4353,15.28,0.27618467807769775,0.2,-0.7114243507385254,0.0003,0.0064568957,0.010119849990587682,0.0703125,-0.003915977344149724,0.0026571694761514664,680
0.87238,40,172,176128,4361,14.18,0.07554835081100464,0.2,-0.6860730312764645,0.0003,0.002058914,0.015893617586698383,0.117431640625,-0.0023758568859193474,-0.006388329900801182,684
0.8973099999999998,40,173,177152,4368,11.41,0.250374436378479,0.2,-0.678128432482481,0.0003,0.005952074,0.008408368419623002,0.02685546875,-0.002611034840811044,-0.013934316113591194,688
0.88642,40,174,178176,4375,12.62,0.18330425024032593,0.2,-0.6845942251384258,0.0003,0.006704655,0.00716272956924513,0.02587890625,-0.000999427036731504,0.0006630253046751022,692
0.8739999999999999,40,175,179200,4382,14.0,0.257132887840271,0.2,-0.6838372200727463,0.0003,0.0001317882,0.009738711174577475,0.0,-0.0004029599076602608,-0.004116572439670563,696
0.8785000000000001,41,176,180224,4341,13.5,0.34242016077041626,0.2,-0.6960417218506336,0.0003,0.0029312465,0.006042475171852857,0.07568359375,-0.003296094626421109,-0.002491665305569768,700
0.8738199999999998,41,177,181248,4349,14.02,0.2007732391357422,0.2,-0.6816563494503498,0.0003,0.0030967859,0.011106514430139214,0.005859375,-0.002266573952510953,-0.0040293242782354355,704
0.8828199999999998,41,178,182272,4356,13.02,0.26429498195648193,0.2,-0.6917858831584454,0.0003,0.0029842833,0.008656427206005901,0.01611328125,-0.002202073927037418,-0.014502253383398056,708
0.87976,42,179,183296,4363,13.36,0.17398560047149658,0.2,-0.6523159518837929,0.0003,0.0071805352,0.01303160417592153,0.052734375,-0.0019650793983601034,-0.010524146258831024,712
0.8826399999999999,42,180,184320,4370,13.04,0.26351654529571533,0.2,-0.6640838943421841,0.0003,0.0052796802,0.008630063326563686,0.0283203125,-0.0025391038798261434,-0.003734070807695389,716
0.8885799999999999,42,181,185344,4377,12.38,0.05976217985153198,0.2,-0.6492616310715675,0.0003,0.0046576615,0.010474134178366512,0.024169921875,-0.00296388691640459,-0.006222835276275873,720
0.8856100000000001,42,182,186368,4384,12.71,0.2127673625946045,0.2,-0.6145047768950462,0.0003,0.004687091,0.007674035587115213,0.044921875,-0.0032019267819123343,-0.00849929265677929,724
0.88264,42,183,187392,4392,13.04,0.3058772683143616,0.2,-0.6082487478852272,0.0003,0.00046636356,0.007073546759784222,0.01806640625,-0.0008428000728599727,-0.005888897925615311,728
0.88705,43,184,188416,4350,12.55,0.33493298292160034,0.2,-0.6363393813371658,0.0003,0.00055106275,0.0099091338342987,0.0,-0.0014752652787137777,-0.006447026040405035,732
0.88102,43,185,189440,4358,13.22,0.290188729763031,0.2,-0.6627048999071121,0.0003,0.003230955,0.012068030424416065,0.0166015625,-0.0017718979506753385,-0.010008083656430244,736
0.8935299999999999,43,186,190464,4365,11.83,0.33549362421035767,0.2,-0.6296522468328476,0.0003,0.0034549818,0.00856287614442408,0.058349609375,-0.0026726651412900537,-0.013393368571996689,740
0.8731,43,187,191488,4372,14.1,0.31131160259246826,0.2,-0.6603168249130249,0.0003,0.004488094,0.008216216374421492,0.03564453125,-0.0021533921972149983,-0.01295648142695427,744
0.8794,43,188,192512,4379,13.4,0.18750816583633423,0.2,-0.6331711076200008,0.0003,0.0035228967,0.014361392124556005,0.05517578125,-0.004227639248711057,0.012040529400110245,748
0.88507,44,189,193536,4386,12.77,0.38194769620895386,0.2,-0.6184290871024132,0.0003,0.0018237846,0.0071600935771130025,0.049560546875,-0.001854736648965627,-0.007029882166534662,752
0.8701299999999997,44,190,194560,4393,14.43,0.34633636474609375,0.2,-0.6309675201773643,0.0003,0.001462006,0.008344941335963085,0.020263671875,-0.002023512643063441,-0.00852510891854763,756
0.8667999999999999,44,191,195584,4400,14.8,0.37729406356811523,0.2,-0.6398883536458015,0.0003,0.0029492169,0.008032809186261147,0.020263671875,-0.0032861419022083282,-0.008373590186238289,760
0.8982099999999998,44,192,196608,4369,11.31,0.3961635231971741,0.2,-0.6046970672905445,0.0003,0.0067133154,0.010828573256731033,0.068359375,-0.004154388327151537,-0.010983448475599289,764
0.89371,45,193,197632,4376,11.81,0.3972981572151184,0.2,-0.5937501341104507,0.0003,0.0046852217,0.008053807629039511,0.039794921875,-0.00435351044870913,-0.009536328725516796,768
0.90118,45,194,198656,4382,10.98,0.3001183867454529,0.2,-0.5906696654856205,0.0003,0.0045417883,0.0072554220096208155,0.0107421875,-0.0010086391994263977,-0.0017859269864857197,772
0.89227,45,195,199680,4389,11.97,0.3266855478286743,0.2,-0.5874589942395687,0.0003,0.0012546699,0.008845069853123277,0.033447265625,-0.003118850101600401,-0.004149072803556919,776
0.8924500000000001,45,196,200704,4395,11.95,0.3426400423049927,0.2,-0.5633943527936935,0.0003,0.0007732126,0.007669104350497946,0.030029296875,-0.001518814271548763,-0.005068534053862095,780
0.8946099999999998,45,197,201728,4402,11.71,0.34197139739990234,0.2,-0.5936397649347782,0.0003,0.0010192649,0.008528799313353375,0.060791015625,-0.0008083054854068905,-0.0005676466971635818,784
0.9152199999999999,45,198,202752,4408,9.42,0.4450414180755615,0.2,-0.6045942641794682,0.0003,0.0028793996,0.00818082591285929,0.044677734375,-0.0026594904193188995,-0.003554149065166712,788
0.9071199999999999,46,199,203776,4415,10.32,0.3900790810585022,0.2,-0.5867806673049927,0.0003,0.002644872,0.008147879736497998,0.003173828125,-0.0016015909350244328,-0.005041530821472406,792
0.9248499999999998,46,200,204800,4391,8.35,0.3712002635002136,0.2,-0.5649728514254093,0.0003,0.0025548923,0.007785491150571033,0.023681640625,-0.0030353400361491367,-0.009715083055198193,796
0.9050499999999999,46,201,205824,4398,10.55,0.365908682346344,0.2,-0.5738142617046833,0.0003,0.00094601605,0.006892850709846243,0.01513671875,-0.0016450252005597576,-0.0026879259385168552,800
0.9116199999999999,46,202,206848,4403,9.82,0.4553452134132385,0.2,-0.5952917747199535,0.0003,0.0037183585,0.005806455330457538,0.01171875,-0.0019421710749156773,-0.008611498400568962,804
0.91423,47,203,207872,4410,9.53,0.3059954047203064,0.2,-0.569708451628685,0.0003,0.0018931809,0.009169341763481498,0.00830078125,-0.0016890677652554587,-0.0022091446444392204,808
0.91315,47,204,208896,4415,9.65,0.34912365674972534,0.2,-0.5823905542492867,0.0003,0.0074135084,0.007913736073533073,0.079833984375,-0.0036762937961611897,-0.0074544791132211685,812
0.9046,47,205,209920,4422,10.6,0.3514806628227234,0.2,-0.5806919001042843,0.0003,0.009768,0.0071527507971040905,0.054443359375,-0.0006286687857937068,0.0007592439651489258,816
0.90298,47,206,210944,4428,10.78,0.4149983525276184,0.2,-0.5759134516119957,0.0003,0.005151964,0.006967035413254052,0.066650390625,0.0011084147190558724,-0.006787898484617472,820
0.8884899999999999,47,207,211968,4434,12.39,0.43799126148223877,0.2,-0.5851488001644611,0.0003,0.0013101866,0.007012907299213111,0.0400390625,-0.0018109956290572882,0.0011621597222983837,824
0.9075699999999999,48,208,212992,4412,10.27,0.2987734079360962,0.2,-0.5989464782178402,0.0003,0.0020861062,0.0086620983784087,0.026611328125,-0.0017009878647513688,-0.002438150579109788,828
0.8983,48,209,214016,4418,11.3,0.38035327196121216,0.2,-0.5749984532594681,0.0003,0.0032443458,0.006629409472225234,0.070068359375,-0.005900903721340001,-0.01064242422580719,832
0.90829,48,210,215040,4424,10.19,0.34371036291122437,0.2,-0.5748114250600338,0.0003,0.0025020698,0.007676148059545085,0.005615234375,-0.00030003589927218854,-0.005778546445071697,836
0.9086499999999998,48,211,216064,4430,10.15,0.3762205243110657,0.2,-0.5741840936243534,0.0003,0.0018321753,0.008373215823667124,0.047607421875,-0.001736392849124968,-0.0024373638443648815,840
0.90586,48,212,217088,4436,10.46,0.4047768712043762,0.2,-0.5913549438118935,0.0003,0.0019510565,0.00801495264749974,0.026611328125,-0.0010308812343282625,-0.006523026619106531,844
0.92242,49,213,218112,4442,8.62,0.40587514638900757,0.2,-0.5724784694612026,0.0003,0.0014840146,0.010593287763185799,0.0712890625,-0.000953292939811945,0.01367616094648838,848
0.9094599999999997,49,214,219136,4447,10.06,0.48260194063186646,0.2,-0.5728822238743305,0.0003,0.006737906,0.008631639502709731,0.065185546875,-0.009825594403082505,-0.016039500012993813,852
0.9203499999999998,49,215,220160,4453,8.85,0.41808825731277466,0.2,-0.6017735041677952,0.0003,0.0034875711,0.00775783124845475,0.052490234375,-0.004395883035613224,-0.011055838316679,856
0.9253,49,216,221184,4432,8.3,0.4047114849090576,0.2,-0.541641116142273,0.0003,0.0029648356,0.007719505054410547,0.008544921875,-0.00027138853329233825,-0.007278586737811565,860
0.9181899999999998,50,217,222208,4438,9.09,0.5223844051361084,0.2,-0.5446859858930111,0.0003,0.0021223896,0.005265360785415396,0.00732421875,-0.002768966878647916,-0.004114432726055384,864
0.9108099999999999,50,218,223232,4444,9.91,0.4352182149887085,0.2,-0.513125566765666,0.0003,0.0012220782,0.008498039591358975,0.0146484375,-0.0009433857630938292,-0.004701188765466213,868
0.92692,50,219,224256,4449,8.12,0.35973113775253296,0.2,-0.528985358774662,0.0003,0.0029849461,0.006488220009487122,0.05517578125,-0.004759712144732475,-0.010658321902155876,872
0.91306,50,220,225280,4455,9.66,0.4294368624687195,0.2,-0.4996004346758127,0.0003,0.0009844843,0.005175781669095159,0.00390625,-0.000338343990733847,-0.003979829605668783,876
0.9269199999999997,50,221,226304,4460,8.12,0.40764331817626953,0.2,-0.5209334157407284,0.0003,0.0021625622,0.006258392269955948,0.006103515625,-0.0011119629198219627,-0.0013748451601713896,880
0.9139599999999999,50,222,227328,4466,9.56,0.2809031009674072,0.2,-0.5265533477067947,0.0003,0.004622515,0.0072610674251336604,0.054443359375,-0.0018712587479967624,-0.006115596741437912,884
0.91531,51,223,228352,4472,9.41,0.3899054527282715,0.2,-0.5187890809029341,0.0003,0.0014656256,0.005901980359340087,0.038818359375,-0.0020915892673656344,-0.0037922668270766735,888
0.91756,51,224,229376,4452,9.16,0.3326984643936157,0.2,-0.523832643404603,0.0003,0.0023842358,0.006795980705646798,0.009521484375,-0.0006918174622114748,-0.0031027754303067923,892
0.9248499999999998,51,225,230400,4457,8.35,0.43385541439056396,0.2,-0.5134535729885101,0.0003,0.0007839498,0.008440280216746032,0.010986328125,-0.0013750330545008183,-0.0034034340642392635,896
0.92791,51,226,231424,4463,8.01,0.5281780958175659,0.2,-0.48819499649107456,0.0003,0.0014531722,0.007743335387203842,0.03662109375,-0.0030881821003276855,-0.007010801695287228,900
0.9239499999999998,52,227,232448,4468,8.45,0.41466331481933594,0.2,-0.4865685719996691,0.0003,0.001612836,0.00599887827411294,0.050537109375,0.0015129499952308834,0.007425192277878523,904
0.9206199999999999,52,228,233472,4473,8.82,0.4949066638946533,0.2,-0.4789457321166992,0.0003,0.002435991,0.004448634790605865,0.04296875,-0.0033845732104964554,-0.008933128789067268,908
0.9218799999999997,52,229,234496,4479,8.68,0.4176751375198364,0.2,-0.4763208106160164,0.0003,0.0016942814,0.004794087028130889,0.0166015625,0.0003080225724261254,0.004085587337613106,912
0.9288099999999999,52,230,235520,4484,7.91,0.4645082354545593,0.2,-0.4753327537328005,0.0003,0.0018902807,0.0047214782680384815,0.04443359375,-0.0024535779957659543,-0.007828138768672943,916
0.9194500000000001,52,231,236544,4490,8.95,0.49621617794036865,0.2,-0.45603018812835217,0.0003,0.0036696342,0.004884565540123731,0.015625,-0.002935174066806212,-0.014588737860321999,920
0.9259299999999999,53,232,237568,4470,8.23,0.4421105980873108,0.2,-0.45950243435800076,0.0003,0.0031471564,0.006581019260920584,0.01171875,-0.00159185822121799,-0.0041302843019366264,924
0.9249399999999999,53,233,238592,4475,8.34,0.45814573764801025,0.2,-0.4462680108845234,0.0003,0.0062953522,0.00478750272304751,0.065673828125,-0.0025534725573379546,0.0022427476942539215,928
0.9254799999999999,53,234,239616,4480,8.28,0.4318588972091675,0.2,-0.42989104986190796,0.0003,0.0073427255,0.005460659886011854,0.102294921875,-0.006773723172955215,-0.0055411397479474545,932
0.9312399999999998,53,235,240640,4485,7.64,0.4722290635108948,0.2,-0.4462233427911997,0.0003,0.0011820463,0.003973653991124593,0.078125,-0.0018466363253537565,-0.0056100767105817795,936
0.92008,53,236,241664,4490,8.88,0.4676196575164795,0.2,-0.44740995578467846,0.0003,0.0009418988,0.006235005217604339,0.031005859375,-0.001998728810576722,-0.003940170165151358,940
0.9288099999999999,53,237,242688,4495,7.91,0.4356364607810974,0.2,-0.42561042681336403,0.0003,0.0021217875,0.006730001332471147,0.01708984375,-0.002383631857810542,-0.0029332274571061134,944
0.9287199999999999,54,238,243712,4501,7.92,0.4646322727203369,0.2,-0.4348955601453781,0.0003,0.00045410427,0.005265377723844722,0.02001953125,-0.00017314916476607323,-0.0023287711665034294,948
0.9153999999999999,54,239,244736,4506,9.4,0.5305051207542419,0.2,-0.404630608856678,0.0003,0.0020226822,0.006138924567494541,0.00439453125,-0.0015270437579602003,-0.009658141061663628,952
0.9289899999999999,54,240,245760,4486,7.89,0.4793286919593811,0.2,-0.4520064201205969,0.0003,0.002981366,0.009066464874194935,0.015869140625,-0.003367357567185536,-0.0044940924271941185,956
0.9263799999999998,54,241,246784,4489,8.18,0.5457444190979004,0.2,-0.44661132618784904,0.0003,0.0025599445,0.006289906305028126,0.005126953125,-0.0017748100217431784,-0.010630270466208458,960
0.9333999999999999,55,242,247808,4494,7.4,0.35561633110046387,0.2,-0.429265396669507,0.0003,0.0015403053,0.004801466129720211,0.017822265625,-0.0008465522842016071,-0.0031999144703149796,964
0.9396999999999999,55,243,248832,4498,6.7,0.3940608501434326,0.2,-0.42275002412498,0.0003,0.0017024432,0.003331495332531631,0.002685546875,-0.0012110137467971072,-0.0038376753218472004,968
0.9247599999999997,55,244,249856,4503,8.36,0.4192013144493103,0.2,-0.40067812241613865,0.0003,0.0016522325,0.004306588874896988,0.037109375,-0.0017385284591000527,-0.0027522360906004906,972
0.92089,55,245,250880,4507,8.79,0.43144309520721436,0.2,-0.4028719775378704,0.0003,0.003916078,0.005310621723765507,0.020263671875,-0.0004832564736716449,-0.010263285599648952,976
0.92755,55,246,251904,4512,8.05,0.48374760150909424,0.2,-0.41806211322546005,0.0003,0.0010746266,0.005456551967654377,0.114013671875,0.00027857438544742763,-0.0031891511753201485,980
0.93502,55,247,252928,4516,7.22,0.396711528301239,0.2,-0.39855879358947277,0.0003,0.0019521731,0.004246976532158442,0.009765625,-0.001046256977133453,-0.004758859518915415,984
0.92809,56,248,253952,4510,7.99,0.3894237279891968,0.2,-0.40143430419266224,0.0003,0.0037170574,0.003993959529907443,0.014404296875,-0.002751550986431539,0.0036875344812870026,988
0.9361,56,249,254976,4515,7.1,0.4103814363479614,0.2,-0.4406946636736393,0.0003,0.0019865055,0.005067774385679513,0.061767578125,-0.00338962409296073,-0.011204439215362072,992
0.92944,56,250,256000,4519,7.84,0.44667524099349976,0.2,-0.38501369394361973,0.0003,0.00774144,0.005565040133660659,0.086669921875,0.0014249342057155445,0.0009293765760958195,996
0.9307,56,251,257024,4523,7.7,0.40423470735549927,0.2,-0.4202270805835724,0.0003,0.021443054,0.003915135588613339,0.078369140625,0.00456237600883469,0.019278813153505325,1000
0.92467,56,252,258048,4528,8.37,0.43490493297576904,0.2,-0.41062990576028824,0.0003,0.00030117086,0.005386991600971669,0.118408203125,-0.00154556825873442,-0.0023103225976228714,1004
0.9321399999999999,57,253,259072,4532,7.54,0.3549633026123047,0.2,-0.40482993610203266,0.0003,0.004407952,0.0048495235096197575,0.060791015625,-0.005645151890348643,-0.010795711539685726,1008
0.9287199999999999,57,254,260096,4536,7.92,0.48092764616012573,0.2,-0.3898185882717371,0.0003,0.0010582637,0.003852338995784521,0.033203125,-0.0010151429160032421,-0.004552284721285105,1012
0.9418599999999999,57,255,261120,4540,6.46,0.41207247972488403,0.2,-0.40376962162554264,0.0003,0.0055871187,0.0032128856400959194,0.032958984375,2.0641833543777466e-05,-0.009181986562907696,1016
0.9286299999999998,57,256,262144,4533,7.93,0.4377734661102295,0.2,-0.3754846788942814,0.0003,0.0054887002,0.0039260264311451465,0.041748046875,-7.004666258580983e-05,-0.009187182411551476,1020
